band,stratification,stratum,s,contribution,abs_share,margin,abs_share_margin
theta,octave,1,0.02,0.1118940827819922,0.13604304935166395,0.01227898666741633,0.07504071676367793
theta,octave,1,0.026827870768216803,0.09082411071318996,0.10644886030455197,-0.01226158530712488,0.08764889681184027
theta,octave,1,0.03598673249780708,0.1084271990936036,0.1309230455683289,0.014017885109388346,0.11312270121652872
theta,octave,1,0.048272370441077836,0.10074672826458245,0.1254835765423324,0.0032325313224650584,0.09237608153858078
theta,octave,1,0.06475224579343625,0.0918175553365277,0.12032354292631935,-0.002139699339860586,0.10671885111812136
theta,octave,1,0.08685824410490588,0.12229306543161639,0.14254913677012362,0.020989716648212753,0.12943921922156504
theta,octave,1,0.11651108740003221,0.08912807215218538,0.11572826234472813,-0.015951494168169843,0.1250497104842985
theta,octave,1,0.1562872197916239,0.10915602407066882,0.12392535890196368,0.007834684865407997,0.07119176795287896
theta,octave,1,0.20964266676467905,0.11588619009565237,0.133801768823995,0.01883764684328612,0.16278387917052164
theta,octave,1,0.28121331857335746,0.06330043687728626,0.07720565162427523,-0.029872288092035598,0.17465964769158676
theta,octave,1,0.3772177284493708,0.09920007647785647,0.12460854344805064,0.002566265399664057,0.1267613034889671
theta,octave,1,0.5059974235160012,0.09518680154585173,0.11647644314023543,0.0023994724798611367,0.0625976476199821
theta,octave,1,0.6787416743568971,0.11245971734126224,0.11975631109055689,0.014976359926659008,0.14445422663788246
theta,octave,1,0.9104596962324965,0.0932388992005905,0.11599261913805733,-0.0009850871027630367,0.08144851562486106
theta,octave,1,1.2212847535097677,0.10760108804783641,0.1354094317396142,0.0018080964026979257,0.12677900211340434
theta,octave,1,1.638223476917678,0.1048015789523269,0.13172952503667362,0.01438198774676075,0.09913420099510908
theta,octave,1,2.197502386410313,0.09584998905560699,0.11731637043465128,-0.009263135419276099,0.1506541450622624
theta,octave,1,2.947715501773197,0.09667781114820428,0.12174931753929827,-0.001364744483902558,0.10946381526449633
theta,octave,1,3.9540465271520318,0.10195213843339229,0.12381897141956755,-0.005759545525376546,0.12259112392711455
theta,octave,1,5.30393246209756,0.08410669995336034,0.11083415737771357,-0.01840517746795814,0.10454870829705744
theta,octave,1,7.114660732825161,0.09172180310890365,0.12097305944878467,-0.0017113551610508024,0.11548375040089763
theta,octave,1,9.543559934997008,0.09815723356601244,0.12669496929762217,0.005594434355317021,0.12338874649040654
theta,octave,1,12.80166963024157,0.10486279045948456,0.12941142352145352,0.0032616755261501845,0.10390052901921856
theta,octave,1,17.17207692287632,0.10339226428281988,0.1322903368596558,0.0027245610769246267,0.11050048801672484
theta,octave,1,23.034513025440212,0.10442053447656151,0.13419888753180714,0.0010378940682415627,0.15196088796167884
theta,octave,1,30.89834693276585,0.096576449246006,0.1181552480876871,-0.003582367555425195,0.10591423375959205
theta,octave,1,41.446842923188484,0.10201041019361215,0.1329478002808206,0.0017344769167502438,0.055975111084164184
theta,octave,1,55.59652728469412,0.09289896750911544,0.11748204599703381,-0.006587952880349711,0.05502207390754084
theta,octave,1,74.57682245777069,0.0930440094859982,0.109566900358866,-0.006180364677897655,0.1185978964246214
theta,octave,1,100.03686776006599,0.08255500991442744,0.10275151813305688,-0.019546413342766286,0.14807901287263037
theta,octave,1,134.18880801621225,0.11616394229193953,0.14262710467984407,0.01947787336965827,0.11650517742917779
theta,octave,1,179.99999999999997,0.08938193864694799,0.10520569080091238,-0.008133088591789572,0.09753297690530352
theta,octave,2,0.02,0.09166114417162352,0.11223801626976174,-0.012022580362142994,0.10278349702846593
theta,octave,2,0.026827870768216803,0.10702345868857127,0.12227623899008531,0.005450385733032546,0.11165817352141488
theta,octave,2,0.03598673249780708,0.10185941898690462,0.1220046473689175,0.004385978431212585,0.12698059647420248
theta,octave,2,0.048272370441077836,0.08219082105350908,0.10935813596504484,-0.014129777216877915,0.16634282937007583
theta,octave,2,0.06475224579343625,0.09978570989056668,0.1349870696622123,0.0032134353662925733,0.11418328219498536
theta,octave,2,0.08685824410490588,0.1137064675844056,0.13797610517014935,0.011923646663262885,0.13313526382276664
theta,octave,2,0.11651108740003221,0.11486226956850529,0.13178876678619267,0.013394387399283003,0.14718031066471443
theta,octave,2,0.1562872197916239,0.0990224891899388,0.11824804563702745,-0.005468758605583407,0.22627351446543167
theta,octave,2,0.20964266676467905,0.09832340343247503,0.11493291364620756,-0.00041155042966281585,0.034702132127233595
theta,octave,2,0.28121331857335746,0.09114160657339196,0.1046285446446443,-0.01281794171370168,0.10593085689390136
theta,octave,2,0.3772177284493708,0.09937534353832107,0.1150774046717723,0.0005606409455309463,0.1366463496724463
theta,octave,2,0.5059974235160012,0.1006471281249115,0.12296772589251864,-5.275861923584313e-05,0.08689904258659331
theta,octave,2,0.6787416743568971,0.10817033553135921,0.12457989246781553,0.008493300576595433,0.09856670926626868
theta,octave,2,0.9104596962324965,0.09665980263840682,0.12417721009985519,-0.0006487692317142871,0.11665599872776111
theta,octave,2,1.2212847535097677,0.09652218937918587,0.11973950298310276,-0.00446115328052938,0.05086945518358203
theta,octave,2,1.638223476917678,0.10600872100225105,0.1288258332231903,0.0085520403914751,0.09479179409245796
theta,octave,2,2.197502386410313,0.11946005806699518,0.13286471974739356,0.010647041391582526,0.15750958594097422
theta,octave,2,2.947715501773197,0.10043505398427677,0.12441798735009904,-0.001015755199391885,0.089826403726992
theta,octave,2,3.9540465271520318,0.0796671978642397,0.10744749841371806,-0.020637842843609977,0.17296079444153906
theta,octave,2,5.30393246209756,0.09847735198069088,0.12705986557146165,-0.0005341410798434254,0.16092435090794038
theta,octave,2,7.114660732825161,0.10137295165914365,0.11481315593919963,0.002717565431671315,0.11301147509154014
theta,octave,2,9.543559934997008,0.08951735948223435,0.11624056963594857,-0.010347616663580916,0.09764366826349907
theta,octave,2,12.80166963024157,0.09919613886470396,0.12750752759154627,0.003771306022493384,0.11475632563781027
theta,octave,2,17.17207692287632,0.0937658812435644,0.12417838743354268,-0.009518856782994953,0.1066332557388261
theta,octave,2,23.034513025440212,0.08611556990984862,0.11085048462660949,-0.012832984514399105,0.09145013553484145
theta,octave,2,30.89834693276585,0.10726020445852465,0.12954147596408744,0.011978750478546886,0.10925404899216308
theta,octave,2,41.446842923188484,0.10715007353033262,0.12862456518176224,0.0059212105294628725,0.11794095725569398
theta,octave,2,55.59652728469412,0.11204545362358032,0.13601509408845391,0.007549314469673142,0.13072629616353199
theta,octave,2,74.57682245777069,0.08571330810051936,0.10553147252244781,-0.013485431459024443,0.11134786827189247
theta,octave,2,100.03686776006599,0.10424608937242144,0.12866140347310603,0.010399758953238664,0.16802486707026482
theta,octave,2,134.18880801621225,0.0874357072447467,0.10323294635364547,-0.012307893034822187,0.09106768493900289
theta,octave,2,179.99999999999997,0.1084581038698048,0.1260280603125411,0.013613006195981436,0.12125893036313187
theta,octave,3,0.02,0.09549300806983682,0.11704393771502622,-0.0005523722169945705,0.09930450982815842
theta,octave,3,0.026827870768216803,0.09347153608562739,0.1179982341158306,-0.008400592778783827,0.11594719314436455
theta,octave,3,0.03598673249780708,0.10780126062546545,0.13785665518800294,0.01434208494316637,0.13040698398379202
theta,octave,3,0.048272370441077836,0.09222747122067768,0.12339567471473376,-0.007542881924929912,0.12962570751112013
theta,octave,3,0.06475224579343625,0.09280603058894624,0.11532976868314387,-0.012441969883837813,0.13846760014198897
theta,octave,3,0.08685824410490588,0.10229366744070009,0.12492604121949127,-0.004416308045700555,0.06146210775283551
theta,octave,3,0.11651108740003221,0.09831155918263094,0.12380407145454685,0.002128726688252855,0.14309917765711327
theta,octave,3,0.1562872197916239,0.0914567195448394,0.11067717774135101,-0.008235943973617252,0.11633442315792111
theta,octave,3,0.20964266676467905,0.09947877876955333,0.11615517335741615,0.0048350203924930404,0.15911618807133737
theta,octave,3,0.28121331857335746,0.11013300927336371,0.1412414067349803,0.01258719601636743,0.08162304912110523
theta,octave,3,0.3772177284493708,0.10660557332002171,0.13207112348613592,-0.0021411337891100238,0.12430359983862159
theta,octave,3,0.5059974235160012,0.10354741433686884,0.12515012561837793,0.004720082078644355,0.1376670244572551
theta,octave,3,0.6787416743568971,0.12649264748062816,0.14016664436447965,0.027211071949860707,0.15677660344577465
theta,octave,3,0.9104596962324965,0.09335953603579207,0.12036964228865714,-0.0055897557075460375,0.16838689877089325
theta,octave,3,1.2212847535097677,0.09342915132176115,0.10753070236918541,-0.009285686261674767,0.08485351385669987
theta,octave,3,1.638223476917678,0.11207278308986296,0.13873524439093193,0.014586171202737086,0.09621351098233699
theta,octave,3,2.197502386410313,0.10640074781072133,0.12965126565055332,0.004538274009230757,0.12399785813799542
theta,octave,3,2.947715501773197,0.08783626039611724,0.10905445309119832,-0.014549316069479137,0.10910162542984528
theta,octave,3,3.9540465271520318,0.09749688604168961,0.12136605084111801,-0.0007911875896271722,0.06995709149056224
theta,octave,3,5.30393246209756,0.10157747648148735,0.13889399768101304,-0.005922272918234273,0.10017489784676364
theta,octave,3,7.114660732825161,0.10028158309849797,0.12278223788181106,0.0028586326630681558,0.10736900273450184
theta,octave,3,9.543559934997008,0.08794225823763925,0.11737753384436445,-0.015048131563922582,0.11067392179593605
theta,octave,3,12.80166963024157,0.07633278813199028,0.10530522804139554,-0.023058654333112133,0.19687343667662524
theta,octave,3,17.17207692287632,0.07277122893464594,0.09405660092043713,-0.03325088615719696,0.17248029146065394
theta,octave,3,23.034513025440212,0.09729924593718495,0.11390405914954355,-0.002875990414603097,0.08850668752037424
theta,octave,3,30.89834693276585,0.11445550132418808,0.13939278416893564,0.01542827967572092,0.13348209860894628
theta,octave,3,41.446842923188484,0.08748099685633938,0.10972273050366092,-0.003985231521753112,0.06988987420514758
theta,octave,3,55.59652728469412,0.09395038856147178,0.1153138599488063,-0.004206814370556727,0.07300718507304729
theta,octave,3,74.57682245777069,0.10054184286601202,0.1273723849917464,0.0007101216591537327,0.06748074466676499
theta,octave,3,100.03686776006599,0.10784279204325484,0.13209427284838493,0.010365111751926531,0.07844080980824042
theta,octave,3,134.18880801621225,0.10377449789866082,0.13193935197441736,0.005646096198214844,0.07025137568506748
theta,octave,3,179.99999999999997,0.103427744322923,0.12845040453784995,0.004788200223353675,0.06710073934261385
theta,octave,4,0.02,0.09685305117306646,0.11669038361141401,-0.007818875141616749,0.12180933373471797
theta,octave,4,0.026827870768216803,0.1021675657259235,0.11480098544239294,0.007311013877571548,0.15130591637599056
theta,octave,4,0.03598673249780708,0.11288163309905018,0.12869099982649654,0.006860109681614247,0.11322890587938875
theta,octave,4,0.048272370441077836,0.11013041046003252,0.13664572848502815,0.00568757732276004,0.0946282198108575
theta,octave,4,0.06475224579343625,0.09259043124630323,0.11565943345085943,-0.009969935805679217,0.11579358481914157
theta,octave,4,0.08685824410490588,0.09601028697262814,0.1160090714391492,-0.0015896100949911937,0.10354110843161524
theta,octave,4,0.11651108740003221,0.10152001484785197,0.1304783783870203,0.0012581310376894306,0.10760943670866217
theta,octave,4,0.1562872197916239,0.10186414833557529,0.13119124649005132,0.0011277868097844743,0.12207540814761737
theta,octave,4,0.20964266676467905,0.10095181257829888,0.12902064994382303,0.004180869435825178,0.07651525939567431
theta,octave,4,0.28121331857335746,0.08818823518123381,0.11560788563228076,-0.013351351088742414,0.12494952510650506
theta,octave,4,0.3772177284493708,0.10424116995305366,0.12271995952428126,0.005364088961822611,0.11908406545153512
theta,octave,4,0.5059974235160012,0.08774635659036503,0.10158820444360489,-0.015950110298867358,0.12420331422004463
theta,octave,4,0.6787416743568971,0.10934464175654049,0.13233308734040955,0.005929174700675499,0.1623004485046073
theta,octave,4,0.9104596962324965,0.09880164310568662,0.12477965470354385,-0.002801530023667627,0.08244107321540747
theta,octave,4,1.2212847535097677,0.10038207397519608,0.11565808272976849,-0.0023608446429791152,0.09834216470455473
theta,octave,4,1.638223476917678,0.09250800100276174,0.11490763510801133,-0.01817592834928103,0.11738604593188573
theta,octave,4,2.197502386410313,0.10288147400345055,0.12891098435292347,0.0001328773850088616,0.1022451048690713
theta,octave,4,2.947715501773197,0.1317153990459614,0.15643405301318541,0.03339155068223021,0.19406734095234818
theta,octave,4,3.9540465271520318,0.09535171354465982,0.12132343464058314,-0.009531296419815288,0.08600735569998876
theta,octave,4,5.30393246209756,0.09652320031329736,0.13156116426011388,-0.005470178741915618,0.07857077476966995
theta,octave,4,7.114660732825161,0.09517957336366625,0.11397655835465038,-0.0013163401850096942,0.12479806902593897
theta,octave,4,9.543559934997008,0.08924230114416767,0.11176793810725125,-0.013681299903552602,0.09270355146487218
theta,octave,4,12.80166963024157,0.10541564478299391,0.11808780124641569,0.007258505287978764,0.16679797495631515
theta,octave,4,17.17207692287632,0.10694442402258288,0.1452447659328101,0.0040776030315436,0.05649457606927111
theta,octave,4,23.034513025440212,0.0976687106542988,0.1336452868537712,-0.00445447999455497,0.14217666558186653
theta,octave,4,30.89834693276585,0.10041485851047571,0.12240223233839714,-0.002453721425097921,0.03500349628393164
theta,octave,4,41.446842923188484,0.09205254894026489,0.12294444644566244,-0.008137460050201703,0.13501075259858908
theta,octave,4,55.59652728469412,0.10393788114999712,0.13566104455210704,-0.001187745399127596,0.1332016011533606
theta,octave,4,74.57682245777069,0.09408038020516385,0.11926262758485891,-0.0047715495669343674,0.11732971477400997
theta,octave,4,100.03686776006599,0.11678715797186053,0.1499681832519402,0.00888371190101063,0.22047125384805777
theta,octave,4,134.18880801621225,0.09146965264950868,0.12114117393815747,-0.009973551977375213,0.14917666216196934
theta,octave,4,179.99999999999997,0.1010211615394665,0.1155070773185555,0.007461553229793597,0.10883559990651331
theta,octave,5,0.02,0.09485096335265522,0.11351266082125117,-0.010676495401204952,0.07141631689113924
theta,octave,5,0.026827870768216803,0.1200707354096195,0.13420648711851285,0.016340358066754886,0.09787690728872059
theta,octave,5,0.03598673249780708,0.10041379524238829,0.12860479470230737,0.009632690266102445,0.13879434698922977
theta,octave,5,0.048272370441077836,0.08888060592000918,0.11613321111190922,-0.006114553735800228,0.10770571702629586
theta,octave,5,0.06475224579343625,0.10749997077407158,0.13175001699555267,0.012891320545786136,0.15450637362467995
theta,octave,5,0.08685824410490588,0.09616557405688839,0.11375399106468351,-0.0043497328138311225,0.06357762133730076
theta,octave,5,0.11651108740003221,0.09460192436330281,0.1343948346018743,-0.003233174352002856,0.05173707786927985
theta,octave,5,0.1562872197916239,0.11446059532311431,0.1367386917391101,0.009446791927485494,0.06533058069424116
theta,octave,5,0.20964266676467905,0.10198751515842652,0.13036310445030755,0.0024588178390977378,0.1180605865192679
theta,octave,5,0.28121331857335746,0.12004753835329178,0.1337570156238982,0.02034071627834204,0.11261340001619131
theta,octave,5,0.3772177284493708,0.10324290769971989,0.12685473665493982,0.002569062661901933,0.11659260547231896
theta,octave,5,0.5059974235160012,0.1164335447729237,0.1402560701531611,0.014739972296417457,0.10678205430528559
theta,octave,5,0.6787416743568971,0.09387236300042157,0.11073758144366894,-0.005986835667182645,0.05514608404989586
theta,octave,5,0.9104596962324965,0.08788499595280373,0.11220184671862693,-0.020243936351876615,0.16975973834755395
theta,octave,5,1.2212847535097677,0.09651405093121573,0.11991460666867035,-0.011520382880955998,0.11326291555138049
theta,octave,5,1.638223476917678,0.08553277279623524,0.11594745080848529,-0.01599020005403492,0.10204153371306882
theta,octave,5,2.197502386410313,0.09514811023624767,0.11221791338900346,-0.00661809888182055,0.09109051235899893
theta,octave,5,2.947715501773197,0.10891317474579545,0.1274933139244856,0.012633748930895465,0.08656536411478728
theta,octave,5,3.9540465271520318,0.09816976069762864,0.11471919209014625,-0.0002807413532730507,0.13981791605515914
theta,octave,5,5.30393246209756,0.09305637481855167,0.12411742909664178,-0.0066664284535099955,0.07943244661111673
theta,octave,5,7.114660732825161,0.10141009328353745,0.1275795289300928,0.010408543082210835,0.18285364620555808
theta,octave,5,9.543559934997008,0.10648027856025985,0.1420729082389643,0.0047277984132589115,0.05947534802158595
theta,octave,5,12.80166963024157,0.11142253516262052,0.1301536136040071,0.014421961006973225,0.1294508976651514
theta,octave,5,17.17207692287632,0.10321645546182424,0.13432858199272346,0.008816275889420813,0.1183110408181505
theta,octave,5,23.034513025440212,0.09691012003588886,0.12742309071485197,0.0053131272618403835,0.03992100816294049
theta,octave,5,30.89834693276585,0.09554706195964459,0.12250447207897426,-0.004692933521443357,0.09566789839192476
theta,octave,5,41.446842923188484,0.09939451959103324,0.12218022397159262,0.004156511520296106,0.12335399855953531
theta,octave,5,55.59652728469412,0.10331420702406402,0.1318328459185803,0.006979833015125114,0.09942568366713625
theta,octave,5,74.57682245777069,0.1067453432960262,0.1268371398724809,-0.004532458619977031,0.0962989207911471
theta,octave,5,100.03686776006599,0.11091038715006549,0.1353509353412809,0.004817638917879653,0.151386483586208
theta,octave,5,134.18880801621225,0.09843576963050005,0.12355192906732165,-0.0018638895546114823,0.13714282604726724
theta,octave,5,179.99999999999997,0.09520071400420085,0.117681118222831,-0.007765077705520235,0.11339703675854129
theta,octave,6,0.02,0.10052165111253969,0.1269942062856238,0.0009438763531576869,0.08243297590643192
theta,octave,6,0.026827870768216803,0.10576409409361207,0.12354366031712623,0.01504706154184663,0.10405852417355548
theta,octave,6,0.03598673249780708,0.09815431579735252,0.12083467247481072,-0.0011670361234053933,0.11546221301662621
theta,octave,6,0.048272370441077836,0.09479378379378736,0.12701248690147715,-0.0032172986741507634,0.0957344977926132
theta,octave,6,0.06475224579343625,0.09273270561842785,0.12014674514115777,-0.0038584960103719146,0.07292687570062276
theta,octave,6,0.08685824410490588,0.08896468889505602,0.11157019092781052,-0.011137673327913516,0.15404641471356648
theta,octave,6,0.11651108740003221,0.08894805852466946,0.1022268285005504,-0.010795734116609265,0.11432608171245955
theta,octave,6,0.1562872197916239,0.09720559109647964,0.11074464874653935,-0.0060126348654555364,0.08888302392841066
theta,octave,6,0.20964266676467905,0.10098196183434896,0.1356254617836225,0.008509720574237628,0.12425858548858647
theta,octave,6,0.28121331857335746,0.10181836512409563,0.12991749855467902,0.008206563149620247,0.09223716807727891
theta,octave,6,0.3772177284493708,0.11222802720518779,0.13029380469289284,0.0071240318556874405,0.07037198831559931
theta,octave,6,0.5059974235160012,0.0957987034012277,0.12104650466350678,-0.005210559767775014,0.1002013120271465
theta,octave,6,0.6787416743568971,0.10191042911893115,0.11866650492195602,-0.006001569752782723,0.08044489088507754
theta,octave,6,0.9104596962324965,0.10624619323593465,0.13076276343003645,0.0028315330552974027,0.07653510863853996
theta,octave,6,1.2212847535097677,0.10807917494575384,0.122821757321384,0.008333708308370893,0.15465097929386307
theta,octave,6,1.638223476917678,0.10841581462825148,0.12896815522274443,0.012985022631760212,0.09073325530174012
theta,octave,6,2.197502386410313,0.08927854123498011,0.11045053078761065,-0.012638408029725073,0.13245315670954405
theta,octave,6,2.947715501773197,0.085621918826576,0.10958000216761463,-0.010746148997319252,0.12744711047900104
theta,octave,6,3.9540465271520318,0.09792341444809975,0.12091046680072183,-0.003972275252762711,0.10105106791719101
theta,octave,6,5.30393246209756,0.08360255257441201,0.11231820429233248,-0.011466418409959253,0.07240059856849593
theta,octave,6,7.114660732825161,0.11252874888915376,0.1393558239829893,0.0012165610278800504,0.0662664939500424
theta,octave,6,9.543559934997008,0.09034112210276837,0.1111503020118437,-0.01028774657395367,0.13732121059211078
theta,octave,6,12.80166963024157,0.09524393713043205,0.1254848597955684,-0.00187941847427614,0.10931386088026712
theta,octave,6,17.17207692287632,0.09923371205145298,0.13357209806176404,0.006318382900597448,0.12179829845409837
theta,octave,6,23.034513025440212,0.07951524078007993,0.1043943040672925,-0.02089824026781678,0.1546182087398748
theta,octave,6,30.89834693276585,0.10390841767246219,0.11955617939152159,0.004843211683132176,0.1340903309065278
theta,octave,6,41.446842923188484,0.09566199966562686,0.12100467745467605,-0.005975867613723901,0.1022451968844525
theta,octave,6,55.59652728469412,0.08880976429471546,0.1071534724924475,-0.0036270594679301896,0.056558238469925505
theta,octave,6,74.57682245777069,0.10351708022384204,0.11699834788361461,-0.0023034372975095363,0.10631204080855172
theta,octave,6,100.03686776006599,0.09408912454207136,0.11730573319392523,0.0020736875420762566,0.08996050602899491
theta,octave,6,134.18880801621225,0.10330635814589148,0.12272601904195915,-0.0015961682178389502,0.11793249513238291
theta,octave,6,179.99999999999997,0.1078929576810507,0.13531652921926568,0.010797009318929504,0.16633324568740857
theta,octave,7,0.02,0.119162845727592,0.12606826375611416,0.011159523656903259,0.11380137893415368
theta,octave,7,0.026827870768216803,0.12482865949695927,0.14079528995228804,0.02981331714963538,0.16868388559649744
theta,octave,7,0.03598673249780708,0.09452251326477146,0.11285686039654509,-0.006681246255692497,0.0901035701050988
theta,octave,7,0.048272370441077836,0.10638313376162606,0.12715789316114842,0.0033999365643079815,0.13526069188266882
theta,octave,7,0.06475224579343625,0.10422973001306404,0.12926876310513818,0.018731419312104404,0.1115111456047233
theta,octave,7,0.08685824410490588,0.0842457466868211,0.10395640229860895,-0.015819073359104277,0.1785150252528488
theta,octave,7,0.11651108740003221,0.10928007199538603,0.12983024537183296,0.008905127634786278,0.11939643360283578
theta,octave,7,0.1562872197916239,0.10252638285177507,0.1235470029398395,0.0017959210255177813,0.10323103267889633
theta,octave,7,0.20964266676467905,0.0835007617067714,0.11398398975536048,-0.010283794289144069,0.1299738280316949
theta,octave,7,0.28121331857335746,0.11222679740684667,0.12917970314779215,0.006937150982493548,0.10092614266693091
theta,octave,7,0.3772177284493708,0.09225868276936319,0.11953818293459242,-0.006018954965646008,0.14027443188290312
theta,octave,7,0.5059974235160012,0.10574725480453522,0.134184232678222,0.007017845527096098,0.1446239400774869
theta,octave,7,0.6787416743568971,0.12085815169499756,0.13996801124862301,0.019074942214652307,0.20575114845296788
theta,octave,7,0.9104596962324965,0.10859617427703015,0.13477597811685277,0.007203625907064484,0.11561331153157565
theta,octave,7,1.2212847535097677,0.10908164270727601,0.1256133405963808,0.015241062273668907,0.16126836587759433
theta,octave,7,1.638223476917678,0.08967810804842964,0.10233512088109181,-0.019304102930435982,0.19687871388773315
theta,octave,7,2.197502386410313,0.11832035948583859,0.13987775913269546,0.019799794436809015,0.12923182128281163
theta,octave,7,2.947715501773197,0.09755638451586746,0.1237171691747622,-0.0018087641774556726,0.12454584066318489
theta,octave,7,3.9540465271520318,0.08909351240768393,0.11721048139228943,-0.014313951600174984,0.1300795935951114
theta,octave,7,5.30393246209756,0.102256773934201,0.13224173196438785,0.010374669647569529,0.10076674815738637
theta,octave,7,7.114660732825161,0.10944737286726675,0.12200579115976304,0.012885910614984737,0.09788621418633778
theta,octave,7,9.543559934997008,0.10277137786724697,0.1283893783735568,-0.0007924177853689124,0.0917138594462345
theta,octave,7,12.80166963024157,0.09731432704654747,0.11992333498027757,0.0023688990554133274,0.0739001796037738
theta,octave,7,17.17207692287632,0.08407146061928297,0.10311086157032842,-0.013226373048895755,0.11726940530165736
theta,octave,7,23.034513025440212,0.09507756820624082,0.12343036817669042,-0.002064828288505391,0.1393983889988008
theta,octave,7,30.89834693276585,0.07629222238251673,0.10810303067352736,-0.014030909300799685,0.14088887319367055
theta,octave,7,41.446842923188484,0.10942893045365565,0.1340022921132454,0.017611049171678876,0.12577603204001409
theta,octave,7,55.59652728469412,0.10943690491060636,0.13587800874752026,0.0053903840671540235,0.10971416118993296
theta,octave,7,74.57682245777069,0.1309962309000347,0.14953115009301404,0.03548799539332133,0.2328707764649477
theta,octave,7,100.03686776006599,0.09435364917242466,0.1126861825966115,-0.006365741158008344,0.07783066103919162
theta,octave,7,134.18880801621225,0.09875825457477733,0.12255497725809084,-0.00015710076842864046,0.07088793907825311
theta,octave,7,179.99999999999997,0.10196864561477034,0.12304709659820787,-0.0008053697903861734,0.09114999181958292
theta,octave,8,0.02,0.1120688987513949,0.131500265415357,0.0004471342628766667,0.11127084673994103
theta,octave,8,0.026827870768216803,0.10948922134472733,0.13065700518356557,0.006489592224895202,0.08669003522653085
theta,octave,8,0.03598673249780708,0.10470641099590822,0.1270555725295967,0.008420396070568603,0.09147849445188325
theta,octave,8,0.048272370441077836,0.10990613797236448,0.14663598352918467,0.011884718599285665,0.13241228212630396
theta,octave,8,0.06475224579343625,0.08419226940921584,0.10185407032830067,-0.010932896824413153,0.08906489665132358
theta,octave,8,0.08685824410490588,0.09994122780921777,0.12057013314496925,0.0006614004093077192,0.0295250802631049
theta,octave,8,0.11651108740003221,0.1007720843229736,0.12941955970878682,0.002555763264522108,0.08578175173548094
theta,octave,8,0.1562872197916239,0.11053157644696134,0.14079619141682176,0.009469205982755594,0.1299646505838316
theta,octave,8,0.20964266676467905,0.09769329527433213,0.11203890136518155,-0.003968249018833088,0.07566374137661735
theta,octave,8,0.28121331857335746,0.11669050864758039,0.14512713761824825,0.02085276315347248,0.11959523398590266
theta,octave,8,0.3772177284493708,0.11080666397615108,0.13409411695757054,0.01818139618240318,0.15180582407985527
theta,octave,8,0.5059974235160012,0.10326951260689014,0.12566259661033058,0.0028759559672798737,0.047806877676036405
theta,octave,8,0.6787416743568971,0.09715717283820234,0.1167284690652167,-0.00447478676945659,0.05084049324843815
theta,octave,8,0.9104596962324965,0.11260608963615032,0.14009160500150175,0.019621986081646753,0.13524614796921935
theta,octave,8,1.2212847535097677,0.11673917166611504,0.1342353215748472,0.0166181447200814,0.06683101559448326
theta,octave,8,1.638223476917678,0.10857585055496818,0.1462552042823103,0.01198722876962182,0.12187492923379475
theta,octave,8,2.197502386410313,0.11283537907134986,0.12741595776888626,0.010174287150998412,0.0902729597774739
theta,octave,8,2.947715501773197,0.0968185015409451,0.1236880098684241,-0.004818401544874923,0.12776341054167956
theta,octave,8,3.9540465271520318,0.10797800831508608,0.13569495184616825,0.01493132729095193,0.07965020593941527
theta,octave,8,5.30393246209756,0.09349847365182844,0.1270174373604881,-0.004480299129918104,0.125523740695251
theta,octave,8,7.114660732825161,0.10828380525879092,0.12447364793757361,0.007472647883216797,0.1215526062967017
theta,octave,8,9.543559934997008,0.10783991185958836,0.13883882855979432,0.008242134569132142,0.16589027631776426
theta,octave,8,12.80166963024157,0.10830875872756342,0.1357716158710106,0.010887102002380647,0.06507041387526968
theta,octave,8,17.17207692287632,0.09809142936981624,0.12190172185567796,-0.0004934880041390158,0.1459012535749214
theta,octave,8,23.034513025440212,0.11022976405193277,0.14072492864819697,0.007891585219375094,0.08288319918532448
theta,octave,8,30.89834693276585,0.096857091407794,0.12324298108687831,-0.001478551891129963,0.12085345804517553
theta,octave,8,41.446842923188484,0.11108073430549101,0.1461648052395441,0.008155101225187339,0.1919820927035545
theta,octave,8,55.59652728469412,0.10278552504931585,0.1253564929730811,0.0047944347814191934,0.1313542588651787
theta,octave,8,74.57682245777069,0.11028837676098242,0.12769913108665648,0.013287639224124417,0.08558959223027696
theta,octave,8,100.03686776006599,0.10320885813245334,0.1244390554129241,-0.0028274728132320973,0.06785296279826111
theta,octave,8,134.18880801621225,0.10905910586810727,0.13306878742166045,0.007238742204970311,0.08688453735991955
theta,octave,8,179.99999999999997,0.11623527700665755,0.14460616421886482,0.0170918449337866,0.11109261540031408
theta,quintile,1,0.02,0.0923642273277647,0.1924292785478623,-0.00950299396806889,0.1545323896109535
theta,quintile,1,0.026827870768216803,0.07983304343376627,0.16050843819035365,-0.014752690174808944,0.16113706307354922
theta,quintile,1,0.03598673249780708,0.09308485707483342,0.20078253594889395,-0.004129437261759197,0.12296774955073123
theta,quintile,1,0.048272370441077836,0.09877046779705179,0.20662897369554434,-0.0024941623650382716,0.12087082232213972
theta,quintile,1,0.06475224579343625,0.09815469005540814,0.19673585327829163,-0.0045572282894426955,0.13245883777241696
theta,quintile,1,0.08685824410490588,0.1131514950653496,0.21062039251229858,0.006084131858734222,0.12474583873360542
theta,quintile,1,0.11651108740003221,0.10022013754048752,0.20343009433617043,0.0022359895003663047,0.16833169225932157
theta,quintile,1,0.1562872197916239,0.1036112884665493,0.20220343083320425,0.005278725560619674,0.2231314730634941
theta,quintile,1,0.20964266676467905,0.10738469336429576,0.21079165037597636,-0.0027690330441008243,0.15721985970974217
theta,quintile,1,0.28121331857335746,0.10845289826261809,0.20868052848731772,-0.007588464954318502,0.20036725666685556
theta,quintile,1,0.3772177284493708,0.11797002981296442,0.2199117791708542,0.014109922849844476,0.200008413626095
theta,quintile,1,0.5059974235160012,0.08495289864183406,0.17828673782787216,-0.0162017783751916,0.179785598940292
theta,quintile,1,0.6787416743568971,0.11021562836680229,0.21267780784333318,0.005309432637034421,0.12100191982228073
theta,quintile,1,0.9104596962324965,0.10191435385688687,0.18647534644213523,-0.0028436970446845886,0.15284764497599845
theta,quintile,1,1.2212847535097677,0.08472380174745278,0.18061875358350438,-0.01501922296532758,0.2578548093107659
theta,quintile,1,1.638223476917678,0.10398324217938751,0.19576742851724005,0.0016115608070229048,0.17132979234346668
theta,quintile,1,2.197502386410313,0.10690836947450175,0.1921788347068184,0.007431370008757265,0.2174344093072378
theta,quintile,1,2.947715501773197,0.09730155555720998,0.18813247061830432,-0.0004741393569521815,0.11976016171886827
theta,quintile,1,3.9540465271520318,0.11333540631658418,0.22271670397524146,0.017054742111033028,0.1747077204832595
theta,quintile,1,5.30393246209756,0.09758482134645569,0.20269082104437308,-0.00018129398370397842,0.1394423804438718
theta,quintile,1,7.114660732825161,0.09793048571728619,0.19152785950362053,0.0026082363871782754,0.1526906245588252
theta,quintile,1,9.543559934997008,0.11052155182110124,0.2062007850426913,0.008658951745747531,0.2600349249204891
theta,quintile,1,12.80166963024157,0.09492039075576725,0.18504722455355696,0.00022450722929476252,0.21157095469830287
theta,quintile,1,17.17207692287632,0.08653413315537697,0.17637567102700893,-0.009460792389499942,0.21048614103281688
theta,quintile,1,23.034513025440212,0.09765241520444926,0.1905161102190997,-0.006481376085774336,0.22613699254390152
theta,quintile,1,30.89834693276585,0.09802293502186615,0.20518746381198977,0.006658555049646693,0.1655220175453923
theta,quintile,1,41.446842923188484,0.1011979616324688,0.19908536697996346,0.003470904795319779,0.0749494584246286
theta,quintile,1,55.59652728469412,0.11772917785043688,0.2319004070045428,0.019067690144343175,0.26214237043121275
theta,quintile,1,74.57682245777069,0.10046284511486725,0.20392400240474387,-0.006201304907103029,0.21186223808620067
theta,quintile,1,100.03686776006599,0.10436446203315028,0.1992244773689823,0.004341520205376231,0.1902577555951331
theta,quintile,1,134.18880801621225,0.09403886361056019,0.19364853619729994,-0.00795869495891776,0.15814452316254357
theta,quintile,1,179.99999999999997,0.09653923900814616,0.19447153333536968,-0.005040266211450289,0.184240466920817
theta,quintile,2,0.02,0.10694763114999065,0.21872869163516817,0.004606458397892629,0.15301343128285239
theta,quintile,2,0.026827870768216803,0.10217666114686311,0.1959643453549127,-0.0013783090718897453,0.07369150184674032
theta,quintile,2,0.03598673249780708,0.07802724764211308,0.1830244748114726,-0.020799325588213097,0.2571068555634442
theta,quintile,2,0.048272370441077836,0.0985746792104052,0.197895616897218,-0.00041022499445209776,0.08293899987722766
theta,quintile,2,0.06475224579343625,0.10526230033184522,0.18842570334474473,0.0011738428655709912,0.17411104940437294
theta,quintile,2,0.08685824410490588,0.09601005437635443,0.19220057638397509,-0.0073046170578185965,0.15102763155331606
theta,quintile,2,0.11651108740003221,0.10186952076058971,0.20007397116579206,-0.0022111030512374646,0.07813678830284232
theta,quintile,2,0.1562872197916239,0.10997123118004515,0.21033769031466093,0.00655496802597097,0.20484624506465565
theta,quintile,2,0.20964266676467905,0.103116673402155,0.2036897447704404,0.0011706916342774584,0.27324524536066386
theta,quintile,2,0.28121331857335746,0.11111395601845156,0.24371627208825325,0.01666780082638282,0.16348613380429972
theta,quintile,2,0.3772177284493708,0.11656550767693108,0.2439602443220722,0.018121562552499824,0.16184894111731124
theta,quintile,2,0.5059974235160012,0.09490344697460343,0.2022538422009913,-0.006576819554005221,0.18312233928659188
theta,quintile,2,0.6787416743568971,0.10073378793184842,0.1834555831452515,-0.009602022149358139,0.1852655803044611
theta,quintile,2,0.9104596962324965,0.11334479360455356,0.21637505895231338,0.013147953267852862,0.2655274368394638
theta,quintile,2,1.2212847535097677,0.09220524415303488,0.20421167162194692,-0.0015177998401342818,0.24860610751105883
theta,quintile,2,1.638223476917678,0.08692926319802843,0.18765713214302177,-0.01093660859978108,0.1557652348163796
theta,quintile,2,2.197502386410313,0.10680137940704867,0.1961445208640967,0.007029773466254295,0.2376400996974381
theta,quintile,2,2.947715501773197,0.11783681189053481,0.2210050571857649,0.018285935905236826,0.2858806449788167
theta,quintile,2,3.9540465271520318,0.11271293367499752,0.21800674135488984,0.011547178830799261,0.1939104238250306
theta,quintile,2,5.30393246209756,0.10641931142545225,0.2255423956685375,0.010663088292374244,0.15597995054236563
theta,quintile,2,7.114660732825161,0.0924162928616688,0.18315598719921372,-0.008102192669542096,0.21290135982516628
theta,quintile,2,9.543559934997008,0.09411928944145524,0.1841810859833995,-0.005916521959339012,0.18178502214850556
theta,quintile,2,12.80166963024157,0.1017761249018155,0.18781032390234537,-0.0025435372851415478,0.19263873411360172
theta,quintile,2,17.17207692287632,0.10035678120335492,0.193828475688795,0.0023056066595569524,0.19164629308083303
theta,quintile,2,23.034513025440212,0.10668706430557527,0.2154506737944235,0.006222493038208862,0.10905489444512989
theta,quintile,2,30.89834693276585,0.10043617732449009,0.22107860599857848,0.004641036722795512,0.1372685209061025
theta,quintile,2,41.446842923188484,0.10710182434690665,0.2205881327570741,0.01055536464929812,0.27695199585005625
theta,quintile,2,55.59652728469412,0.08466277594292641,0.1667322188757953,-0.016765345871369686,0.19457508156971104
theta,quintile,2,74.57682245777069,0.08932465023331315,0.19505912407262183,-0.00953514150162628,0.17387316019127316
theta,quintile,2,100.03686776006599,0.11424147601282103,0.21362206417803467,0.009476205176169712,0.24188297437530465
theta,quintile,2,134.18880801621225,0.12285983296291228,0.2235874183876691,0.01486654512367367,0.19568531143418053
theta,quintile,2,179.99999999999997,0.10775016780957217,0.20111000917551874,0.002730357549298651,0.15167137670492153
theta,quintile,3,0.02,0.09113039431321299,0.20100905517401402,-0.002882922100205229,0.2319852992718508
theta,quintile,3,0.026827870768216803,0.12621237277720104,0.24510902292052036,0.022127254862413487,0.2975783593839657
theta,quintile,3,0.03598673249780708,0.07270803175470703,0.16046764344555403,-0.025631521236385187,0.26423778957065813
theta,quintile,3,0.048272370441077836,0.08383551878351428,0.1778962951748409,-0.025212092460508567,0.31264687119455953
theta,quintile,3,0.06475224579343625,0.12034637385723089,0.2261073390788334,0.012234641718620001,0.215689096644684
theta,quintile,3,0.08685824410490588,0.10183202178256093,0.21218377454116905,-0.0032158944122431324,0.1075111159599686
theta,quintile,3,0.11651108740003221,0.10499773492842829,0.2031418261407667,-0.0020366894137812327,0.2654596550493321
theta,quintile,3,0.1562872197916239,0.09273101901959792,0.19165625354241755,-0.003531889476642104,0.12103196018857097
theta,quintile,3,0.20964266676467905,0.09979057310734432,0.18678345385860956,-0.002861716942427331,0.1385719734626976
theta,quintile,3,0.28121331857335746,0.09173227331191754,0.19286201373583634,-0.015963270455867318,0.12659329572596706
theta,quintile,3,0.3772177284493708,0.09101308495479796,0.17736416685021336,-0.010632318087180265,0.13900037351695857
theta,quintile,3,0.5059974235160012,0.11008844943895751,0.21717386602425442,0.012035651058136011,0.1892441738283819
theta,quintile,3,0.6787416743568971,0.09324934062766384,0.1924207969869786,-0.009189683785636248,0.16913697824110618
theta,quintile,3,0.9104596962324965,0.09619366529117859,0.1891955745665953,-0.009947933604013554,0.23833490092695686
theta,quintile,3,1.2212847535097677,0.11164431197156188,0.23556965088459078,0.007598007425950619,0.1218448191707798
theta,quintile,3,1.638223476917678,0.10359220550518486,0.22943896940521186,0.005488528582565523,0.2297102303653217
theta,quintile,3,2.197502386410313,0.09032001518009045,0.17612767433330553,-0.007147124943104613,0.16757690458466118
theta,quintile,3,2.947715501773197,0.10164944248316635,0.1930821010314378,-0.0007319843578542443,0.1303704099037974
theta,quintile,3,3.9540465271520318,0.08864278299545388,0.18175320313883214,-0.0032140592251233696,0.2637340272501998
theta,quintile,3,5.30393246209756,0.08790436282176498,0.19131320219013734,-0.012002803502790899,0.2952097860103689
theta,quintile,3,7.114660732825161,0.1025727863935105,0.20358464952404703,0.001454941968197579,0.1756779321049644
theta,quintile,3,9.543559934997008,0.08515161608235905,0.17783180490170825,-0.01204985699726275,0.2624755054863644
theta,quintile,3,12.80166963024157,0.10434309066954633,0.2072308500613363,0.0025225072142817592,0.19092736726169202
theta,quintile,3,17.17207692287632,0.09435291617776004,0.19972049173832399,-0.016442701508942455,0.2433973970903046
theta,quintile,3,23.034513025440212,0.08577245084934294,0.17136261613847728,-0.014697499309524312,0.16276913289283165
theta,quintile,3,30.89834693276585,0.10176221527461946,0.18895739755897484,0.00654432609980047,0.16686958057057588
theta,quintile,3,41.446842923188484,0.09097692852154413,0.17810785767032045,-0.010203993300879455,0.11193806255761399
theta,quintile,3,55.59652728469412,0.10111695878667758,0.20217867839589976,0.0036523863749145583,0.10559703579151322
theta,quintile,3,74.57682245777069,0.08382688267471364,0.18947353217707313,-0.017431551943968393,0.19894802109342877
theta,quintile,3,100.03686776006599,0.09616343477849042,0.18675475383196025,-0.004341582921008294,0.07626882337057461
theta,quintile,3,134.18880801621225,0.09860073158681203,0.20208606547245334,-0.006420785205664151,0.18081190122700802
theta,quintile,3,179.99999999999997,0.10294820552440277,0.22386600833242676,0.007294512413587362,0.15980983137641985
theta,quintile,4,0.02,0.09376599159339534,0.19605196391369542,-0.005345679324386607,0.12538639614966296
theta,quintile,4,0.026827870768216803,0.10208981912068912,0.21504677415479997,0.010039708199425436,0.17128026095626178
theta,quintile,4,0.03598673249780708,0.08855576340063231,0.2085953320644363,-0.007178456361219991,0.1332216317395302
theta,quintile,4,0.048272370441077836,0.10890883184460334,0.22539715747468697,0.009993616721955714,0.14187941631485687
theta,quintile,4,0.06475224579343625,0.09986756352849543,0.20131793559149708,0.005174727478551272,0.18809237141266044
theta,quintile,4,0.08685824410490588,0.086248234309077,0.17252580290740688,-0.024498889785026096,0.21974547069184305
theta,quintile,4,0.11651108740003221,0.09056507766929542,0.17292030658230137,-0.009740535156863558,0.17905689902555483
theta,quintile,4,0.1562872197916239,0.11178621356228963,0.22478570761390249,0.012807285075584547,0.21771314588554133
theta,quintile,4,0.20964266676467905,0.0975581132916371,0.18981502497137986,2.6141723280782847e-05,0.17988339609077342
theta,quintile,4,0.28121331857335746,0.08945888544049405,0.17213511839547754,-0.01107797831829567,0.2156611832205962
theta,quintile,4,0.3772177284493708,0.0920768090052923,0.19012207928227862,-0.010290014133763362,0.16847467696321924
theta,quintile,4,0.5059974235160012,0.12117831823992639,0.23395103019762442,0.019868058970255495,0.20320983836960374
theta,quintile,4,0.6787416743568971,0.10390520421054217,0.20457252165965945,0.004197218565004393,0.22214753402218212
theta,quintile,4,0.9104596962324965,0.09518431594649937,0.18501826051344206,-0.0062675719485888945,0.08909803994827163
theta,quintile,4,1.2212847535097677,0.09341361448203918,0.19416172385417468,-0.0017205098780199088,0.13312251074894996
theta,quintile,4,1.638223476917678,0.11876229340965222,0.20921097550542445,0.018929330293481247,0.24911464535971892
theta,quintile,4,2.197502386410313,0.09983157177408017,0.19210241783678822,0.00849576847636345,0.10223917096276663
theta,quintile,4,2.947715501773197,0.1182727944190743,0.23231092748186177,0.01380854140790952,0.24372737179231618
theta,quintile,4,3.9540465271520318,0.09777670010147729,0.19599113667723086,-0.006464764981882899,0.13574992559563692
theta,quintile,4,5.30393246209756,0.09081153791604019,0.20322075340076973,-0.00983059070242552,0.12224952080961307
theta,quintile,4,7.114660732825161,0.11082328768025118,0.24531348962575522,0.008246297244311862,0.17459872522493675
theta,quintile,4,9.543559934997008,0.10495598929741062,0.20254933081675552,0.0019719407046470405,0.09739001767207725
theta,quintile,4,12.80166963024157,0.10586767057649771,0.20348961967283627,0.003929960699224633,0.15252588238877468
theta,quintile,4,17.17207692287632,0.10239847030253561,0.21038700249452752,0.0053674000243721515,0.1653957604529892
theta,quintile,4,23.034513025440212,0.08505387752424877,0.1931598503940455,-0.0145979586060562,0.21314194348030793
theta,quintile,4,30.89834693276585,0.11303658145501662,0.21707182671569897,0.018899059780591233,0.190737662332515
theta,quintile,4,41.446842923188484,0.09405236256571217,0.20026076913821558,-0.00183946980832414,0.23510343567160985
theta,quintile,4,55.59652728469412,0.09453014426483419,0.2107367115089919,-0.0025888856705604257,0.17097096476683035
theta,quintile,4,74.57682245777069,0.09537162150607223,0.1836978758468304,0.0007337861077558461,0.23494785750866884
theta,quintile,4,100.03686776006599,0.10250072349616962,0.20370722099858624,0.008306631174028696,0.16670283494186575
theta,quintile,4,134.18880801621225,0.08812084888412858,0.15693423556476077,-0.015974317183664294,0.13750876731898312
theta,quintile,4,179.99999999999997,0.09977083547318405,0.19360442217551826,-0.00503674534803205,0.1952363081297835
theta,quintile,5,0.02,0.0853052461713254,0.1816280884587785,-0.012569425561993627,0.253002875219952
theta,quintile,5,0.026827870768216803,0.10074848624500225,0.19388008478498803,-0.004362062619197915,0.09870563567842439
theta,quintile,5,0.03598673249780708,0.10058715874612131,0.23063849587081273,0.0040380555350621045,0.13271135426572023
theta,quintile,5,0.048272370441077836,0.09815147583284164,0.1995770474730793,0.0027364927242019277,0.22272720713275368
theta,quintile,5,0.06475224579343625,0.08918393273756109,0.1838043873132929,-0.0051360974023450245,0.12603922248781446
theta,quintile,5,0.08685824410490588,0.10112819503216382,0.20240486928527007,0.0029617758390152044,0.12174240430761146
theta,quintile,5,0.11651108740003221,0.09825392660746154,0.19716454776790662,0.0008282022277432341,0.15160308173540643
theta,quintile,5,0.1562872197916239,0.10183301435906349,0.19984558988456372,-0.000885107013099809,0.13150253477064616
theta,quintile,5,0.20964266676467905,0.10613899423029335,0.20060160707980312,0.0017379290216171447,0.16137160339038129
theta,quintile,5,0.28121331857335746,0.10726898670964036,0.22350041769474777,0.013936107930020425,0.12538030369937145
theta,quintile,5,0.3772177284493708,0.10200167423239459,0.20753770069574257,-0.0005794836694224814,0.1499541690120277
theta,quintile,5,0.5059974235160012,0.08664246350472016,0.19183014429468367,-0.01041557798216896,0.2590873308412453
theta,quintile,5,0.6787416743568971,0.10095486274200025,0.19931998028471568,-0.0026947959545996214,0.10006655969087463
theta,quintile,5,0.9104596962324965,0.09641487035764959,0.19510787692210652,-0.005736096986992095,0.25106498370607805
theta,quintile,5,1.2212847535097677,0.09180723159688368,0.19915733482594772,-0.0029134704408837475,0.20042796185632072
theta,quintile,5,1.638223476917678,0.09357535165991096,0.19599381686296044,-0.0027258416891524292,0.12823403487404642
theta,quintile,5,2.197502386410313,0.10995037042911154,0.21466351382350224,0.009301231516058786,0.1902943515625851
theta,quintile,5,2.947715501773197,0.09033199014386838,0.18473799633639595,-0.015331232475924543,0.20963837725439463
theta,quintile,5,3.9540465271520318,0.09982100270023925,0.19773199780646278,-0.0008746832817969272,0.1911178994506663
theta,quintile,5,5.30393246209756,0.09918748311713965,0.20857046054795758,7.593129775489149e-06,0.1749948490117582
theta,quintile,5,7.114660732825161,0.09864741171653112,0.18436798011234637,0.0006563580315470038,0.17645926653807797
theta,quintile,5,9.543559934997008,0.1106759159418265,0.22929477645813973,0.013686760451601422,0.18387127345513582
theta,quintile,5,12.80166963024157,0.096978186666382,0.1817112541814766,0.002113904374999441,0.26613326820443606
theta,quintile,5,17.17207692287632,0.104382258742511,0.20934881377971082,0.0014555453280207797,0.15309176403248664
theta,quintile,5,23.034513025440212,0.09129568041641117,0.18848822816063154,-0.009887544427455368,0.217086553598483
theta,quintile,5,30.89834693276585,0.07056861100769699,0.14399052003819698,-0.03325455613836983,0.3188329757326346
theta,quintile,5,41.446842923188484,0.1134777422283149,0.22829773481209817,0.005580209527767416,0.11809170086728213
theta,quintile,5,55.59652728469412,0.09732137931696347,0.18337356032184168,0.0017892861198561608,0.2639658745643853
theta,quintile,5,74.57682245777069,0.0995710809075195,0.21652840787096925,0.0003120715894195103,0.16581131174214825
theta,quintile,5,100.03686776006599,0.09219869880637693,0.18153518799595192,-0.004107735094813818,0.1943894562876356
theta,quintile,5,134.18880801621225,0.09633786145431875,0.18712971889264818,0.0017267573422002636,0.16278332555283836
theta,quintile,5,179.99999999999997,0.11236495612313627,0.20199544208875253,0.007703763378165952,0.19943774622968818
beta,octave,1,0.02,0.15748089077863248,0.11864907740455487,0.0591669478037168,0.11676660091486121
beta,octave,1,0.026827870768216803,0.16463576887085274,0.1270165486089294,0.06571820849024447,0.12577435720027033
beta,octave,1,0.03598673249780708,0.1468821706166173,0.1145001009162539,0.048292496212755484,0.09881353454704497
beta,octave,1,0.048272370441077836,0.1555338737530103,0.11650438246990152,0.047252847749306826,0.09055731328754255
beta,octave,1,0.06475224579343625,0.16710640589821693,0.1269436054872145,0.061982709049466816,0.12599815199122277
beta,octave,1,0.08685824410490588,0.1640121494602056,0.13283641619378148,0.06290419345408059,0.13923966889715794
beta,octave,1,0.11651108740003221,0.1398920349970011,0.10851466903415186,0.0434316242253885,0.08401187026855468
beta,octave,1,0.1562872197916239,0.1677107236794238,0.12890526610048386,0.07597648381898851,0.14490828085616964
beta,octave,1,0.20964266676467905,0.15786484817753801,0.12804188922027268,0.060727197702632046,0.13061935895235705
beta,octave,1,0.28121331857335746,0.1518083905876303,0.12427053698094387,0.05166014905755001,0.12538138421137968
beta,octave,1,0.3772177284493708,0.14513526080539163,0.10970633864336109,0.043433605987658386,0.08287078135903878
beta,octave,1,0.5059974235160012,0.15551040129416233,0.12265173581805013,0.048778893960452374,0.10879046750906537
beta,octave,1,0.6787416743568971,0.1429073917433449,0.11454770731497943,0.039149880384636765,0.08587587479045042
beta,octave,1,0.9104596962324965,0.1577086215988672,0.12392819312717557,0.06017923915394904,0.13050489975293522
beta,octave,1,1.2212847535097677,0.15158405409238535,0.1247714197843871,0.04540238304929034,0.11948228593445168
beta,octave,1,1.638223476917678,0.16123713691714892,0.12339708748796767,0.05362712344621008,0.11901893317913302
beta,octave,1,2.197502386410313,0.14909192002526683,0.12210840949317003,0.044022568642713256,0.11410264837469436
beta,octave,1,2.947715501773197,0.14208732111112532,0.11197568011807679,0.04345807672688301,0.09095049754060813
beta,octave,1,3.9540465271520318,0.1514770588273393,0.12818114308808393,0.05400139942312507,0.14424345783584636
beta,octave,1,5.30393246209756,0.1697445392698182,0.12856088998444512,0.06939205963303419,0.13434484166695893
beta,octave,1,7.114660732825161,0.14253970157526197,0.1116724398382613,0.04004959404639662,0.08846460479939444
beta,octave,1,9.543559934997008,0.15240610120753662,0.12304279500517556,0.05194726333772329,0.11084731008548651
beta,octave,1,12.80166963024157,0.17328806282194448,0.12855660443220698,0.07436178085461059,0.14106617284236878
beta,octave,1,17.17207692287632,0.15656159454866925,0.134017574666165,0.05886180038469781,0.16072147125407907
beta,octave,1,23.034513025440212,0.16903015562123538,0.1316826796430577,0.06655855431274921,0.13578874782802103
beta,octave,1,30.89834693276585,0.15355404880789025,0.12200572485735967,0.05752352853265509,0.11804250921290309
beta,octave,1,41.446842923188484,0.1525253747240931,0.11872151331290365,0.04929263668405243,0.10098277347901449
beta,octave,1,55.59652728469412,0.1476483727714037,0.1168041699488453,0.0457380750125264,0.0952873014138244
beta,octave,1,74.57682245777069,0.16805599866796012,0.13077250706685883,0.0729958904737687,0.14382253986538787
beta,octave,1,100.03686776006599,0.15073099502747567,0.12431428860255486,0.04863524253865391,0.10853389282756504
beta,octave,1,134.18880801621225,0.1672913821021424,0.12670388654231085,0.07284573541071024,0.1359268464880765
beta,octave,1,179.99999999999997,0.1812262382427282,0.14279686381314832,0.08367684414271168,0.16896998134700392
beta,octave,2,0.02,0.15756004060022594,0.12159928982003029,0.06533244404520341,0.1290841081713533
beta,octave,2,0.026827870768216803,0.17159770728772425,0.12751688028551034,0.07142706421887421,0.13478372654125437
beta,octave,2,0.03598673249780708,0.16948530345314533,0.13236882161643576,0.06939555529574323,0.14057119045027544
beta,octave,2,0.048272370441077836,0.18572713660029166,0.13810014675101975,0.08308600654645007,0.14923577865029852
beta,octave,2,0.06475224579343625,0.16003379921334684,0.12074216301293689,0.05615577238517702,0.10917324903641418
beta,octave,2,0.08685824410490588,0.1644997046492192,0.13351554213680195,0.06762029751681307,0.14996165424561791
beta,octave,2,0.11651108740003221,0.16082565058156784,0.12455188694678598,0.05929334482371354,0.11504521896548675
beta,octave,2,0.1562872197916239,0.14904970372638243,0.11563171102409492,0.050649761916907024,0.10669484905604298
beta,octave,2,0.20964266676467905,0.1611051504050076,0.12283731417286178,0.06168324037652695,0.1242401689451055
beta,octave,2,0.28121331857335746,0.15258860322127968,0.12255887167785637,0.05489163624895929,0.11138919481904518
beta,octave,2,0.3772177284493708,0.16145393256127588,0.12793337367710328,0.06181812586447527,0.12799440502966264
beta,octave,2,0.5059974235160012,0.16964460101535547,0.12705680069388947,0.068561832303653,0.13563378528018138
beta,octave,2,0.6787416743568971,0.1514255501134976,0.11416460175858642,0.049414007799163384,0.08763821653425719
beta,octave,2,0.9104596962324965,0.1618815993744061,0.12718173812141603,0.0594561199704204,0.12270363394022044
beta,octave,2,1.2212847535097677,0.16092235463205073,0.12605337873198968,0.06589460149420208,0.1353046149158349
beta,octave,2,1.638223476917678,0.15768888963869107,0.12322826613471984,0.05121254252007193,0.12206033452702572
beta,octave,2,2.197502386410313,0.16092819634195604,0.13124690064042915,0.05373006507124939,0.1433654231601602
beta,octave,2,2.947715501773197,0.16480684467346446,0.1288087140506195,0.06387917945744498,0.12747332841161602
beta,octave,2,3.9540465271520318,0.1619683131458422,0.12611925056245782,0.06696016805937492,0.13245262875341088
beta,octave,2,5.30393246209756,0.1653575603011686,0.13062950242405974,0.062374825971170125,0.13046542130490163
beta,octave,2,7.114660732825161,0.15729892905642484,0.12308248982053613,0.04842919826662678,0.11441672214656898
beta,octave,2,9.543559934997008,0.14996128726986202,0.11725667280492058,0.04533162489852753,0.09357101689895243
beta,octave,2,12.80166963024157,0.15117636732486683,0.11642156350370855,0.04960419638811965,0.09506654397946489
beta,octave,2,17.17207692287632,0.14272081304989873,0.11694738996219264,0.044610319263847176,0.09847312386776763
beta,octave,2,23.034513025440212,0.1555768641776301,0.11574189130430942,0.05930501074929609,0.10902460520107918
beta,octave,2,30.89834693276585,0.15188907317474531,0.12132489428941645,0.050344056739758614,0.12024911881435799
beta,octave,2,41.446842923188484,0.1515059942798032,0.1195491635030752,0.04580235259994139,0.10118777818133029
beta,octave,2,55.59652728469412,0.15980521432768602,0.13249727057963304,0.060555245703119306,0.14989388091346317
beta,octave,2,74.57682245777069,0.16238812696897836,0.12388818730139071,0.06930915348663076,0.13317114968795388
beta,octave,2,100.03686776006599,0.1516743766148103,0.12240537177276258,0.06329971023451425,0.13127445679435354
beta,octave,2,134.18880801621225,0.16507989511141452,0.12562175585555513,0.07120191867719436,0.13999248651235174
beta,octave,2,179.99999999999997,0.15021459745340987,0.11526888699556562,0.042802304387727946,0.09323341285234901
beta,octave,3,0.02,0.13928324724338922,0.10762982813901947,0.029694734080598653,0.06071614668584727
beta,octave,3,0.026827870768216803,0.16490391294730428,0.12926044683491228,0.06514117817429953,0.13260748618988982
beta,octave,3,0.03598673249780708,0.14306391407511682,0.11989101434667518,0.04403691445629959,0.11003366614801799
beta,octave,3,0.048272370441077836,0.16828466190594102,0.13158030581768312,0.06803020585897232,0.1404826277187857
beta,octave,3,0.06475224579343625,0.16118208621931984,0.12737833686846592,0.06414836156485394,0.13830353630927988
beta,octave,3,0.08685824410490588,0.16082604600604244,0.13042950653140634,0.06409451227916353,0.15251884277647648
beta,octave,3,0.11651108740003221,0.1500496232045027,0.11928164523191238,0.048276071914153354,0.09867277789912499
beta,octave,3,0.1562872197916239,0.16239023402574052,0.12341388610008239,0.05965254136900777,0.11253684590964712
beta,octave,3,0.20964266676467905,0.13447932728564888,0.10530359589947978,0.037388342076933534,0.07585171568909793
beta,octave,3,0.28121331857335746,0.15377292662237296,0.12169938586888315,0.049014407108820754,0.10051996006239998
beta,octave,3,0.3772177284493708,0.17742035804464934,0.13367652754196024,0.08457770543435836,0.15581172269224186
beta,octave,3,0.5059974235160012,0.1442549207586561,0.10925641687347314,0.0431347841896359,0.09419253235832782
beta,octave,3,0.6787416743568971,0.15949744878005478,0.12541486811355862,0.0540396902490804,0.1038103141919291
beta,octave,3,0.9104596962324965,0.1540415562615841,0.12221457279579476,0.0453179737874838,0.10756865969058974
beta,octave,3,1.2212847535097677,0.15190098871839847,0.12023187273268102,0.049274436056384444,0.10598944559159262
beta,octave,3,1.638223476917678,0.17418047457683317,0.13967348664633428,0.07144049972045652,0.15878789831250778
beta,octave,3,2.197502386410313,0.14470853797069633,0.1152491755761117,0.042416194992000125,0.09794134560693754
beta,octave,3,2.947715501773197,0.1466044469585844,0.11678921751034124,0.05228912197340066,0.11640461089057588
beta,octave,3,3.9540465271520318,0.14725190749579775,0.11978822781882567,0.0470758264542141,0.12048862485624753
beta,octave,3,5.30393246209756,0.14584753029324551,0.11339064185226666,0.049903213022180634,0.10295124599397734
beta,octave,3,7.114660732825161,0.15510032454076245,0.12888410376957943,0.06392241582185741,0.1402396275555015
beta,octave,3,9.543559934997008,0.15646938287339335,0.1261173145211536,0.054570507452454495,0.13027391530881355
beta,octave,3,12.80166963024157,0.15979318732572045,0.12427025807624878,0.05397208557262673,0.11350244235575342
beta,octave,3,17.17207692287632,0.16273223452324864,0.1317107225715115,0.07006644902260555,0.14553852810515516
beta,octave,3,23.034513025440212,0.1561604844589488,0.12611188687382485,0.050955370076223847,0.12167964852386823
beta,octave,3,30.89834693276585,0.14701222105464362,0.11883134726541314,0.045987840773865224,0.09792629403210935
beta,octave,3,41.446842923188484,0.15385644689277017,0.12417806976516313,0.05749444935545528,0.1308898672309443
beta,octave,3,55.59652728469412,0.15082906394790532,0.12197054049850242,0.05204143644861657,0.1107420512051875
beta,octave,3,74.57682245777069,0.1468107979434874,0.11350577408742724,0.045568418130726235,0.09061285068233702
beta,octave,3,100.03686776006599,0.1680488097714823,0.1363677464923066,0.06604625929842042,0.15006534319343134
beta,octave,3,134.18880801621225,0.17096602507343084,0.12400563382101067,0.07065363238041789,0.12159730280881721
beta,octave,3,179.99999999999997,0.14102083161561202,0.11180245249594004,0.04267941597937058,0.08410538708230565
beta,octave,4,0.02,0.1776481192094166,0.13148614700805034,0.07327607884080002,0.13755478829316714
beta,octave,4,0.026827870768216803,0.16508359256715407,0.13341947936086035,0.06113281221307526,0.14814301803316715
beta,octave,4,0.03598673249780708,0.16941154282685433,0.1269123589431534,0.06941551435884151,0.1269958211094975
beta,octave,4,0.048272370441077836,0.14948818472302822,0.12199664808427957,0.048031552096377814,0.1158779365224204
beta,octave,4,0.06475224579343625,0.17806182188365932,0.12907437551911846,0.07973410227720017,0.13655643128122003
beta,octave,4,0.08685824410490588,0.15875462969222245,0.1266940508181979,0.06516577877773591,0.14302015659556275
beta,octave,4,0.11651108740003221,0.15048454895319158,0.12319592059699774,0.05440882447603723,0.11402032741006986
beta,octave,4,0.1562872197916239,0.14829803534353447,0.11655017820219128,0.05286888774985743,0.1125803244005738
beta,octave,4,0.20964266676467905,0.15443673203008296,0.12382850321742717,0.05838329215914506,0.12412649221428478
beta,octave,4,0.28121331857335746,0.14961535778164795,0.1296081595159624,0.049228524940907264,0.141414185051495
beta,octave,4,0.3772177284493708,0.1587693141682407,0.12968008788814564,0.05812658420827123,0.13539439261552283
beta,octave,4,0.5059974235160012,0.16476480872098231,0.12447548373906223,0.06831119791332509,0.12397420640124268
beta,octave,4,0.6787416743568971,0.1675636166117439,0.12892389480371366,0.06945485094257686,0.14478630921082242
beta,octave,4,0.9104596962324965,0.15562993156578347,0.12443315269841063,0.056108873111396895,0.11276176559585752
beta,octave,4,1.2212847535097677,0.16055752310853455,0.1297878324690659,0.05881231278666896,0.131697821229004
beta,octave,4,1.638223476917678,0.13816833938899706,0.11329062638473546,0.03495804331810112,0.08661378423243468
beta,octave,4,2.197502386410313,0.16153707520079574,0.1413658615662821,0.06167342771750649,0.15985941387184632
beta,octave,4,2.947715501773197,0.16564385688716476,0.13012061738701908,0.06475044996816416,0.14560932333854876
beta,octave,4,3.9540465271520318,0.15951409597440303,0.12885408004325344,0.06324459139963576,0.13608644396372546
beta,octave,4,5.30393246209756,0.16229236643494752,0.12778864722016692,0.06356607468457318,0.11553630117635938
beta,octave,4,7.114660732825161,0.16685632238771808,0.13196992703527738,0.07089592418309341,0.15623165658455948
beta,octave,4,9.543559934997008,0.13593542028994848,0.11281787902912235,0.04108720715620065,0.0944658651302396
beta,octave,4,12.80166963024157,0.17152503727507062,0.1366633024493159,0.07728043932970831,0.16587039814309096
beta,octave,4,17.17207692287632,0.16025255711058534,0.12412394974456056,0.05292748145068442,0.11234293771863532
beta,octave,4,23.034513025440212,0.14658383337578573,0.11405770710228716,0.048377986736889755,0.09555046155094915
beta,octave,4,30.89834693276585,0.17148807597400564,0.12887658419885453,0.06755687556162943,0.11944835377511043
beta,octave,4,41.446842923188484,0.16120472768928906,0.1246914905163729,0.06476801922873882,0.1361554141994327
beta,octave,4,55.59652728469412,0.15890701709823982,0.1279066254827137,0.0478257298334159,0.11365882283596188
beta,octave,4,74.57682245777069,0.1719155527176941,0.13240281132663018,0.0804636350726329,0.14939902800711097
beta,octave,4,100.03686776006599,0.17033537169973378,0.1382100510577131,0.06968859266078181,0.15211513772790236
beta,octave,4,134.18880801621225,0.16130259682900341,0.1241025504332869,0.06170736652614621,0.13196792259390272
beta,octave,4,179.99999999999997,0.1641140275180341,0.12088463075402683,0.062178797458138826,0.11989035215951052
beta,octave,5,0.02,0.15910068271355665,0.12455867580229957,0.057062258283818806,0.12269336901938688
beta,octave,5,0.026827870768216803,0.16056105242049895,0.1260594644918985,0.06182480164742672,0.12836617348074067
beta,octave,5,0.03598673249780708,0.14753237214624781,0.12163942291266566,0.0512431487896749,0.10664164606009754
beta,octave,5,0.048272370441077836,0.16885472088875525,0.125893000993109,0.06697304033628643,0.12883755493022447
beta,octave,5,0.06475224579343625,0.16092775767772702,0.12655788737509377,0.05813712352990416,0.1256866661977435
beta,octave,5,0.08685824410490588,0.15254827927084064,0.12786436912570254,0.05300420115919206,0.12475873899762616
beta,octave,5,0.11651108740003221,0.15899285449236916,0.11767727821998461,0.05319329778254317,0.10053409223118048
beta,octave,5,0.1562872197916239,0.15797550267785512,0.11807238815411168,0.057801647011783946,0.10629060673789306
beta,octave,5,0.20964266676467905,0.17466454760209815,0.14199843164713633,0.0672246400515653,0.14545573282596988
beta,octave,5,0.28121331857335746,0.1567007331891932,0.13145139329364824,0.05570609222790379,0.14550616893609816
beta,octave,5,0.3772177284493708,0.16865662707585605,0.13504398153694164,0.07160694022280763,0.1510767545130709
beta,octave,5,0.5059974235160012,0.14758573363113253,0.1196213138220073,0.04934872880088906,0.10543289864395873
beta,octave,5,0.6787416743568971,0.16131379916338684,0.12476618226014255,0.05930182146018104,0.12238885627759014
beta,octave,5,0.9104596962324965,0.14565060174248382,0.1173038681034358,0.0431291107515296,0.10396535561577243
beta,octave,5,1.2212847535097677,0.15868401994645454,0.13188470799014074,0.06936147688278556,0.15048948428545467
beta,octave,5,1.638223476917678,0.1577495370061498,0.12728798526787777,0.06528022111082313,0.1458146719855098
beta,octave,5,2.197502386410313,0.14305488057260463,0.11982760945755344,0.04031961820845552,0.09243162153065082
beta,octave,5,2.947715501773197,0.16995431715271453,0.13041549474156494,0.07213130546382644,0.1426297799808241
beta,octave,5,3.9540465271520318,0.1532250770274668,0.12182403996373958,0.051585355118959966,0.10945183589170898
beta,octave,5,5.30393246209756,0.1502573187642251,0.12240727183911437,0.04690345331956493,0.10946282343619618
beta,octave,5,7.114660732825161,0.1571958467593437,0.12464329679131217,0.065285494650893,0.1443987910852304
beta,octave,5,9.543559934997008,0.16033832104256254,0.1260291089547596,0.05960631863525015,0.12265765922630914
beta,octave,5,12.80166963024157,0.14685267526426454,0.11428053475947603,0.047959552671500594,0.09715698008725308
beta,octave,5,17.17207692287632,0.13358948288490183,0.11300999485403697,0.032171791438061065,0.07708436182131345
beta,octave,5,23.034513025440212,0.17602086551738333,0.1337337498195984,0.0693585995609815,0.14792400614832135
beta,octave,5,30.89834693276585,0.1562734701764703,0.1225887859051061,0.05521183825106625,0.10847102479414425
beta,octave,5,41.446842923188484,0.15415115231724602,0.12191909092275159,0.05154682851697226,0.11387370044025437
beta,octave,5,55.59652728469412,0.15603905750266495,0.1286977188284548,0.05910831430754841,0.13228808413338433
beta,octave,5,74.57682245777069,0.16096884627419591,0.12501812850196897,0.058058499922631984,0.11816892619515379
beta,octave,5,100.03686776006599,0.16572365604732278,0.1365136726890232,0.06635931510988148,0.15506243007075943
beta,octave,5,134.18880801621225,0.15282354515487984,0.11581512215150222,0.049114565971221505,0.09491914060390888
beta,octave,5,179.99999999999997,0.18653989326920833,0.13964711996019763,0.08748987526413528,0.1677453386555796
beta,octave,6,0.02,0.1830245381389509,0.13562954274145977,0.07972328634228201,0.15987159774314996
beta,octave,6,0.026827870768216803,0.14579879865396728,0.11361749107855137,0.04254002816339644,0.08839732940828188
beta,octave,6,0.03598673249780708,0.17044151315380268,0.13313410184619595,0.07007267682291207,0.1432463459340227
beta,octave,6,0.048272370441077836,0.18110699730470164,0.1365830578300659,0.08253102305953468,0.17230992229188824
beta,octave,6,0.06475224579343625,0.1454114110576739,0.11722621777454839,0.04999304259147548,0.11018521249201876
beta,octave,6,0.08685824410490588,0.1574992490133506,0.12761339700791194,0.05476868488287437,0.13070315742453092
beta,octave,6,0.11651108740003221,0.16380704430079127,0.13005145223436412,0.06517615777587557,0.1493326253263098
beta,octave,6,0.1562872197916239,0.16349051157703112,0.12730187791694816,0.056500234684829134,0.13390985135683753
beta,octave,6,0.20964266676467905,0.18408758034902753,0.1402950494892879,0.07969704269082775,0.17640479512758228
beta,octave,6,0.28121331857335746,0.14877820049449797,0.11723867653689764,0.05013274070569859,0.1065749076806512
beta,octave,6,0.3772177284493708,0.1701276944205979,0.12621766925007316,0.06620457179713599,0.11580333397923949
beta,octave,6,0.5059974235160012,0.14688492589437846,0.11904535560722443,0.046373694814679026,0.10790471567770789
beta,octave,6,0.6787416743568971,0.16424539047722747,0.12192513341387995,0.06551502286885909,0.11839713110959105
beta,octave,6,0.9104596962324965,0.15991829892476808,0.1298496472730155,0.06459795851100333,0.15452312107506455
beta,octave,6,1.2212847535097677,0.16782873461768727,0.13195206551238428,0.07126237976179223,0.14639941745468993
beta,octave,6,1.638223476917678,0.16862588004992113,0.137599823512561,0.06630147250220882,0.17548996757735197
beta,octave,6,2.197502386410313,0.14727843288282025,0.11966004900344754,0.043176621773298646,0.09936048386114277
beta,octave,6,2.947715501773197,0.1537277252811296,0.11953613240415178,0.05680352209332787,0.10919621084338157
beta,octave,6,3.9540465271520318,0.15993151892490232,0.12891028532563878,0.0564063413492545,0.1282313275370911
beta,octave,6,5.30393246209756,0.1570265462796057,0.12279597227396755,0.05669646109301962,0.12203899770611604
beta,octave,6,7.114660732825161,0.15788020625108729,0.12480678032912282,0.058314208069007514,0.1178268647074639
beta,octave,6,9.543559934997008,0.16179789025742763,0.12705282074275584,0.06110309600074315,0.1377867648580023
beta,octave,6,12.80166963024157,0.17174242881799928,0.1315859859962029,0.06802558971310846,0.1489823198356735
beta,octave,6,17.17207692287632,0.15753157176902394,0.12220686121964949,0.05881068176483613,0.1082453735963114
beta,octave,6,23.034513025440212,0.14673894180231037,0.12243266626948239,0.047773094868885896,0.11230577893556819
beta,octave,6,30.89834693276585,0.1616318033265563,0.12558422315305756,0.06719056279539613,0.13843753765557903
beta,octave,6,41.446842923188484,0.17102047773547188,0.12790892397464002,0.06732010822486639,0.1358114201684461
beta,octave,6,55.59652728469412,0.1494334447234411,0.12146763455674822,0.05258314302825752,0.12219207934695642
beta,octave,6,74.57682245777069,0.1668414539411715,0.1266008551627461,0.06918439130516094,0.13226543826040982
beta,octave,6,100.03686776006599,0.1528674766623512,0.12458990331528848,0.04756554567057002,0.11107392888022467
beta,octave,6,134.18880801621225,0.18018513308179301,0.13952539387147955,0.07342514816645858,0.1453688514899156
beta,octave,6,179.99999999999997,0.14122344357584443,0.10783139686051388,0.04277626669915381,0.09150040206774612
beta,octave,7,0.02,0.17815242612310445,0.1318898624664867,0.07447659357551177,0.16365822510697908
beta,octave,7,0.026827870768216803,0.1657570562454665,0.12473559132198508,0.06049282840814235,0.1163083017012583
beta,octave,7,0.03598673249780708,0.16656906781318964,0.1319027277397512,0.07447530487153114,0.14926706278637847
beta,octave,7,0.048272370441077836,0.15784432864143438,0.1233108351952089,0.06606353199436253,0.1314294862976234
beta,octave,7,0.06475224579343625,0.16241703114437353,0.12814038346402107,0.06173630738617426,0.12546000908002677
beta,octave,7,0.08685824410490588,0.15756216069123286,0.12907752994190203,0.0597256815900499,0.13682351654199004
beta,octave,7,0.11651108740003221,0.1698015483267773,0.13457206341370614,0.0675465289674867,0.16130679738807233
beta,octave,7,0.1562872197916239,0.16680982827816285,0.13050404816369504,0.06542862214102342,0.12090667743423852
beta,octave,7,0.20964266676467905,0.1746943607189429,0.13614244290477417,0.07193677360266137,0.16411375460886868
beta,octave,7,0.28121331857335746,0.14156473597969005,0.11686625788261189,0.04051229171213366,0.09448662159384932
beta,octave,7,0.3772177284493708,0.15983100958795862,0.12023773296315077,0.05081365887703018,0.09704274606098962
beta,octave,7,0.5059974235160012,0.1685046305886816,0.1309228351863358,0.0692530425327912,0.15008933521210166
beta,octave,7,0.6787416743568971,0.16002396697356658,0.12405734896006254,0.06478657590403514,0.13746535089463469
beta,octave,7,0.9104596962324965,0.16288660251610482,0.13079042745113903,0.06090554653486596,0.13421447382974588
beta,octave,7,1.2212847535097677,0.15928238023299224,0.12590763247214762,0.06441969490417092,0.13449569937271227
beta,octave,7,1.638223476917678,0.1437489913296516,0.12007034251415596,0.04153278977655861,0.11046959479803645
beta,octave,7,2.197502386410313,0.17025622802079263,0.14067603049868582,0.07863504304817708,0.16513027041782555
beta,octave,7,2.947715501773197,0.16306580115260724,0.12815916664479926,0.058090719398033355,0.1249252567477315
beta,octave,7,3.9540465271520318,0.15690035879365716,0.12888287300087398,0.06305006839088713,0.13348922921290743
beta,octave,7,5.30393246209756,0.15266197220410285,0.11609916274117116,0.06154562040125153,0.108805734373223
beta,octave,7,7.114660732825161,0.15569073104867703,0.12460192846513576,0.0504093287071703,0.09938560428610788
beta,octave,7,9.543559934997008,0.1757862366363654,0.13462506737081098,0.0761807999381969,0.1463350513765706
beta,octave,7,12.80166963024157,0.15462298564530674,0.11947350811797322,0.04814641106827669,0.09557574236362441
beta,octave,7,17.17207692287632,0.15076531700976337,0.11989614404603531,0.05488937393017257,0.12277565360985637
beta,octave,7,23.034513025440212,0.16300348504526707,0.12323429722647561,0.06401196397389598,0.1278919841256424
beta,octave,7,30.89834693276585,0.15835247365272004,0.12922267628038508,0.060411440110344355,0.13242028139377027
beta,octave,7,41.446842923188484,0.16431852550825926,0.1331743272817671,0.06459968799963826,0.14618332335688877
beta,octave,7,55.59652728469412,0.1670869672581987,0.13154938665448296,0.06373233626638217,0.1400776497399555
beta,octave,7,74.57682245777069,0.17391380918639723,0.1321771179782553,0.07697268395250145,0.146773725788933
beta,octave,7,100.03686776006599,0.14555027338655535,0.11752111276125708,0.04421087082503944,0.09828197241387404
beta,octave,7,134.18880801621225,0.17825505001107284,0.13228633314632693,0.07826073044228865,0.14121265011258782
beta,octave,7,179.99999999999997,0.1727991669990161,0.1373184218213484,0.0759695146784225,0.1610079079515686
beta,octave,8,0.02,0.15068312792563499,0.11994270197127603,0.05166674767798626,0.10481544090123715
beta,octave,8,0.026827870768216803,0.14709568030344328,0.1135295350149349,0.04266866116927942,0.0793893965899444
beta,octave,8,0.03598673249780708,0.14273965946724596,0.11391238555783263,0.04798994149407329,0.10038957819944293
beta,octave,8,0.048272370441077836,0.15764556359004941,0.11653853784396323,0.054984887125610976,0.10210284436304354
beta,octave,8,0.06475224579343625,0.16953791039226204,0.12971754498063387,0.06716561343265878,0.12949714646982124
beta,octave,8,0.08685824410490588,0.1413745581853531,0.11346227149085773,0.03785422209010941,0.08891582723052513
beta,octave,8,0.11651108740003221,0.15750462604007326,0.12269992357931489,0.05838533300227128,0.11319483051909507
beta,octave,8,0.1562872197916239,0.15051693880139172,0.11443961624477693,0.058187318652316605,0.1137653065690477
beta,octave,8,0.20964266676467905,0.14853187014917626,0.11779245357385615,0.04887098279199335,0.10638344171907595
beta,octave,8,0.28121331857335746,0.15396834553438943,0.12455589523120181,0.05055289001166574,0.11216327134189462
beta,octave,8,0.3772177284493708,0.15471428919630645,0.1327723933301248,0.056545714922720175,0.1386979257018438
beta,octave,8,0.5059974235160012,0.1569736406071506,0.11885100691781905,0.05011041713194779,0.10631885013210815
beta,octave,8,0.6787416743568971,0.16824307671315397,0.13115598832656844,0.07593698786016018,0.14725248784574385
beta,octave,8,0.9104596962324965,0.1505825817899633,0.1253058856901314,0.05937969222085959,0.1420356085205411
beta,octave,8,1.2212847535097677,0.15773834547847948,0.12223710453897993,0.06379424953817124,0.12354691303035584
beta,octave,8,1.638223476917678,0.15101383382596353,0.1187159293643168,0.05686135169558468,0.10938547103738132
beta,octave,8,2.197502386410313,0.1402484964755651,0.11735211893369786,0.04153312134087432,0.09551971717867103
beta,octave,8,2.947715501773197,0.15661740525317064,0.12361377098477744,0.052772624577037866,0.11708427407786426
beta,octave,8,3.9540465271520318,0.14557257651756614,0.11854366454904805,0.045565873680262436,0.09381544541130485
beta,octave,8,5.30393246209756,0.16810715505799043,0.12405845106920046,0.06435050557394802,0.11355939646266561
beta,octave,8,7.114660732825161,0.15525667764583026,0.1199570878215151,0.05290383296059947,0.10732642834520156
beta,octave,8,9.543559934997008,0.15838906342840142,0.12397198292045744,0.05873035126689172,0.12532766858544342
beta,octave,8,12.80166963024157,0.17126646796172448,0.13106399901038968,0.06416038119646925,0.1280983373977622
beta,octave,8,17.17207692287632,0.15086688149858313,0.12534976196521258,0.054126879686005866,0.13066857279305322
beta,octave,8,23.034513025440212,0.1620828338613911,0.13709564630752047,0.06129145498333412,0.1569461450585723
beta,octave,8,30.89834693276585,0.1555006360184266,0.1267791169387365,0.06034762251696506,0.12741205998024993
beta,octave,8,41.446842923188484,0.16418351294257783,0.12808965736850694,0.06289088880428219,0.14823971591783436
beta,octave,8,55.59652728469412,0.15412157340685323,0.12619964135540634,0.058309346701144404,0.1370259756917977
beta,octave,8,74.57682245777069,0.16098962078398035,0.12490616235363695,0.06117681935835606,0.12905486960964016
beta,octave,8,100.03686776006599,0.15352707647520952,0.12754426952524833,0.057141201428206514,0.12525846036585167
beta,octave,8,134.18880801621225,0.1574740394217044,0.12249486155946396,0.058903168065310665,0.11478310387156111
beta,octave,8,179.99999999999997,0.1712931673489705,0.1308790632861776,0.07046786046689865,0.13244399010262747
beta,quintile,1,0.02,0.16087148453157157,0.1981405371912483,0.06230550344988968,0.19632400787103316
beta,quintile,1,0.026827870768216803,0.17883608337309176,0.21534175949683032,0.07464822199709345,0.23258480365940015
beta,quintile,1,0.03598673249780708,0.1576456811109893,0.20478098118943738,0.05882059049319284,0.19702521990240174
beta,quintile,1,0.048272370441077836,0.15667920235649807,0.19298385006804947,0.05872548233823045,0.18464008813510907
beta,quintile,1,0.06475224579343625,0.14986174296047539,0.18186926261243241,0.054307662168703974,0.16355645667249188
beta,quintile,1,0.08685824410490588,0.1706977255229959,0.20448296185450923,0.07655828847503117,0.2208550181614305
beta,quintile,1,0.11651108740003221,0.17855354786177624,0.21191176392585054,0.08485016521324862,0.2211613843996922
beta,quintile,1,0.1562872197916239,0.15476291358432007,0.18385483663948476,0.051621260632466415,0.1717702820836715
beta,quintile,1,0.20964266676467905,0.16359044592445388,0.2043107465908133,0.06882057727883162,0.19916738775570214
beta,quintile,1,0.28121331857335746,0.1511267245620765,0.17737315049954472,0.05312643922273662,0.1465504684387337
beta,quintile,1,0.3772177284493708,0.1397496235118803,0.1882256151160551,0.04448877650391947,0.15327554261767112
beta,quintile,1,0.5059974235160012,0.1712842892271288,0.2034264472032467,0.07483220290383108,0.2220050118175742
beta,quintile,1,0.6787416743568971,0.1533325102479063,0.1827049697875996,0.042517850568835905,0.13275668796448556
beta,quintile,1,0.9104596962324965,0.16247118949287698,0.19468005308411515,0.05791599479535778,0.18122762596474745
beta,quintile,1,1.2212847535097677,0.15251556671522679,0.1932190428840305,0.05468626634429581,0.19519568718339014
beta,quintile,1,1.638223476917678,0.15610704861321625,0.19162366110523144,0.05848168732338724,0.17429732358718975
beta,quintile,1,2.197502386410313,0.1550568919681704,0.19574302890717657,0.06087017059854628,0.18486352997522962
beta,quintile,1,2.947715501773197,0.16524338000606864,0.19833664421128525,0.06099457444843652,0.20146311438044773
beta,quintile,1,3.9540465271520318,0.16924489233337955,0.19901790453001306,0.0696066672883244,0.20086909312597806
beta,quintile,1,5.30393246209756,0.15826459649192604,0.1961954365825986,0.059668760695103046,0.18027214171177675
beta,quintile,1,7.114660732825161,0.16323541737144376,0.20394978999437804,0.06330624995924758,0.2087627174410162
beta,quintile,1,9.543559934997008,0.13597805010878433,0.18183702310942232,0.027982466432982564,0.1067035980789271
beta,quintile,1,12.80166963024157,0.171016968216435,0.20465902476021636,0.0745461725440348,0.2120008390844309
beta,quintile,1,17.17207692287632,0.1580899413191154,0.1959230304919046,0.06258859294284129,0.1973163244032054
beta,quintile,1,23.034513025440212,0.15594603883470215,0.20203978218093394,0.05945996771002926,0.19532094936435485
beta,quintile,1,30.89834693276585,0.15314119919782346,0.20303224032947303,0.048093621149730675,0.20688445662633997
beta,quintile,1,41.446842923188484,0.15628534472945918,0.19179082868525799,0.05762890965345256,0.18311740789352848
beta,quintile,1,55.59652728469412,0.15632197881039367,0.20744726704683972,0.058982895217855824,0.2383424884046363
beta,quintile,1,74.57682245777069,0.17104542724867355,0.22045756374290848,0.06800672322590841,0.24136282806866902
beta,quintile,1,100.03686776006599,0.15179720022672955,0.19323054301849527,0.057527176709184086,0.19556029153214377
beta,quintile,1,134.18880801621225,0.16704555868990972,0.19972482361498345,0.06462920850417339,0.18612189504317572
beta,quintile,1,179.99999999999997,0.15876060647282703,0.19078462419777165,0.0549455817573843,0.1666849556024586
beta,quintile,2,0.02,0.16037965173980345,0.1958240283734747,0.06257327580040445,0.20430400402377857
beta,quintile,2,0.026827870768216803,0.16154918621430625,0.19887943432665373,0.057299714790887565,0.18126067482762764
beta,quintile,2,0.03598673249780708,0.1651069891719564,0.20679753110102034,0.06962698612336614,0.2240816042792284
beta,quintile,2,0.048272370441077836,0.15922129447994082,0.1985627598353288,0.05120998514853872,0.200892079270661
beta,quintile,2,0.06475224579343625,0.14539410469169034,0.19487293417641538,0.04561682825103014,0.17904828211339632
beta,quintile,2,0.08685824410490588,0.14706068338122139,0.17732383172166521,0.044607083697280975,0.13338210357246572
beta,quintile,2,0.11651108740003221,0.17226677375461608,0.2106658457337965,0.07024958901415225,0.2278983112029677
beta,quintile,2,0.1562872197916239,0.17185088895157438,0.21231676633405172,0.06834187976593374,0.23137953982359877
beta,quintile,2,0.20964266676467905,0.1611901521023728,0.19119960527173493,0.0629270571730321,0.18617795128076486
beta,quintile,2,0.28121331857335746,0.16482704108527824,0.20530482810341918,0.06474915215692445,0.21360732654942965
beta,quintile,2,0.3772177284493708,0.1477641733554178,0.19871605351647767,0.054960796162950354,0.20093058025413918
beta,quintile,2,0.5059974235160012,0.16443867933678524,0.21487186212947573,0.07232343422779897,0.2277764994032006
beta,quintile,2,0.6787416743568971,0.18264820849491387,0.22124859209259978,0.08803679055652638,0.24412021069148526
beta,quintile,2,0.9104596962324965,0.16469391131863786,0.20154433350711431,0.06955394497231437,0.21515965086943895
beta,quintile,2,1.2212847535097677,0.1579294647344115,0.204515954573239,0.055495682663536314,0.20602853280018638
beta,quintile,2,1.638223476917678,0.14774806419126663,0.18847693561979828,0.0552617273639885,0.1580682461197341
beta,quintile,2,2.197502386410313,0.165260782588659,0.20665512524513097,0.06566962146425075,0.20921425818176254
beta,quintile,2,2.947715501773197,0.1571835277907474,0.19498651433444297,0.05450604858067584,0.1867815694004374
beta,quintile,2,3.9540465271520318,0.16122587981432462,0.20112906820073145,0.06009037369306715,0.2053294237989439
beta,quintile,2,5.30393246209756,0.1513001898332225,0.1911043749461057,0.05273170081417869,0.17764349849259992
beta,quintile,2,7.114660732825161,0.17073545771864815,0.20686998306767443,0.0661550469624774,0.2102586382291166
beta,quintile,2,9.543559934997008,0.1577111306878586,0.21886808783792178,0.057257646687530736,0.23126627404890832
beta,quintile,2,12.80166963024157,0.17241115837908683,0.1980372603479378,0.0730567369080695,0.2039061766599311
beta,quintile,2,17.17207692287632,0.17707365102285144,0.21062858298282106,0.07518652480622619,0.23462895991624416
beta,quintile,2,23.034513025440212,0.15837459566165055,0.19399915061263717,0.0616002849873363,0.21181492748680206
beta,quintile,2,30.89834693276585,0.16245555833323538,0.23334807077837477,0.06050200995399295,0.28586791010115753
beta,quintile,2,41.446842923188484,0.16031618844596823,0.19028743649742746,0.06199160553394038,0.18762829678837215
beta,quintile,2,55.59652728469412,0.1478075238073519,0.19193139389501046,0.05235299581087145,0.19595702986371463
beta,quintile,2,74.57682245777069,0.15118758790946923,0.1940756634320721,0.050652830775895955,0.1723444184328302
beta,quintile,2,100.03686776006599,0.16433705409108784,0.20447437772207333,0.06614317142931897,0.2301211397924751
beta,quintile,2,134.18880801621225,0.16465622021193482,0.2047570427382328,0.06370629856671073,0.2105754603003877
beta,quintile,2,179.99999999999997,0.16947592165570322,0.20993086914970144,0.06496465021996534,0.21276192315181386
beta,quintile,3,0.02,0.1650098304667975,0.19721577803677834,0.07146582099644808,0.20485603225773308
beta,quintile,3,0.026827870768216803,0.1747039726561959,0.21624776413901117,0.07555967127895905,0.2420895574256955
beta,quintile,3,0.03598673249780708,0.14490144840153668,0.1903128748394263,0.0541111128469071,0.18657396502955353
beta,quintile,3,0.048272370441077836,0.1875335751495395,0.23200348836429324,0.08198969256347756,0.2807888739614736
beta,quintile,3,0.06475224579343625,0.1566276668406169,0.20824154787375243,0.05404480143045305,0.2058513456383439
beta,quintile,3,0.08685824410490588,0.16354343300774282,0.19891920780820652,0.06438781548050061,0.20327268349557692
beta,quintile,3,0.11651108740003221,0.17050885099424365,0.20739625727798527,0.0677784256877222,0.2172836376703162
beta,quintile,3,0.1562872197916239,0.16131371275551537,0.20248633631853255,0.06507609148539523,0.20657116224007221
beta,quintile,3,0.20964266676467905,0.18252882376019477,0.21074675856008657,0.07797496294213385,0.23565944947575423
beta,quintile,3,0.28121331857335746,0.1598413599358607,0.19770762040181078,0.05983405315146931,0.1835525903095505
beta,quintile,3,0.3772177284493708,0.1546424469936193,0.20345386165115967,0.06011712385561846,0.20859127634944308
beta,quintile,3,0.5059974235160012,0.15048528812525253,0.1855816359414706,0.04585164762732963,0.14611500427851426
beta,quintile,3,0.6787416743568971,0.14567654248657896,0.17853208851273425,0.050344363268048295,0.15228919943761565
beta,quintile,3,0.9104596962324965,0.16140009901131544,0.20339176885405366,0.05415048516000662,0.19400921413269837
beta,quintile,3,1.2212847535097677,0.1715322918845147,0.2215990345228786,0.06729817276431395,0.235850126724679
beta,quintile,3,1.638223476917678,0.1628498344759288,0.2001798485702972,0.05616181560966868,0.19693528783798084
beta,quintile,3,2.197502386410313,0.1681139745121239,0.21611327347844783,0.0580927120824693,0.22931008529899702
beta,quintile,3,2.947715501773197,0.15778583168000596,0.19577691861848992,0.05017014324855498,0.173670550641646
beta,quintile,3,3.9540465271520318,0.14658284159847013,0.19042199574612986,0.05705674058296195,0.1882605795517573
beta,quintile,3,5.30393246209756,0.18284437937851206,0.22648580732533638,0.08167767634259303,0.26912488463420614
beta,quintile,3,7.114660732825161,0.1626904898288351,0.19881747489554957,0.06411511385465679,0.19601875783812658
beta,quintile,3,9.543559934997008,0.15708782426376067,0.19589165394514096,0.06013185552633901,0.19706428439914317
beta,quintile,3,12.80166963024157,0.1542422912900001,0.18866106670036153,0.058009616346934176,0.1842409505761115
beta,quintile,3,17.17207692287632,0.15787814774357736,0.1975159418257213,0.055910870893166695,0.19728457112890246
beta,quintile,3,23.034513025440212,0.1436795922694033,0.16965157707222678,0.04049878239159044,0.12591425586252888
beta,quintile,3,30.89834693276585,0.13543791119562576,0.17948475448416498,0.029710050465311735,0.11912659359342583
beta,quintile,3,41.446842923188484,0.17303251645682796,0.19503914894480395,0.07978741808949455,0.20160207796689533
beta,quintile,3,55.59652728469412,0.1527325795156852,0.18442747191237727,0.050087953464497695,0.16704659739420902
beta,quintile,3,74.57682245777069,0.1490903232467362,0.19718142274440026,0.058400249123788744,0.19988979012806943
beta,quintile,3,100.03686776006599,0.1678564489472031,0.21252908557019784,0.0661716901710805,0.23276027711911393
beta,quintile,3,134.18880801621225,0.17063215249226116,0.19746248828494944,0.07203961241039193,0.2099103277827455
beta,quintile,3,179.99999999999997,0.1679932099702105,0.2103972966217778,0.06303637911847682,0.24495693222618864
beta,quintile,4,0.02,0.1816947409836841,0.21139698902732812,0.08314198030844192,0.2373894788846615
beta,quintile,4,0.026827870768216803,0.14929324509254877,0.17677590251067996,0.04961869194782559,0.14805345879557
beta,quintile,4,0.03598673249780708,0.16891900278466515,0.20065253632490732,0.06291449177989047,0.19387536660584015
beta,quintile,4,0.048272370441077836,0.14926612701034386,0.18769542891226795,0.043787583547457,0.14221658652712088
beta,quintile,4,0.06475224579343625,0.1590492308648911,0.1976325389359303,0.06257896540621519,0.2232365880217552
beta,quintile,4,0.08685824410490588,0.16525908903043063,0.2068713543366008,0.06709968124887504,0.21163753596486512
beta,quintile,4,0.11651108740003221,0.16212076715376478,0.18222039576554824,0.06419482755657534,0.15753792772022823
beta,quintile,4,0.1562872197916239,0.15059455814041722,0.1928295260078463,0.047669408178072775,0.1629716736723576
beta,quintile,4,0.20964266676467905,0.1522607177122931,0.18428875956566865,0.05038103922705019,0.1401558057419695
beta,quintile,4,0.28121331857335746,0.13683938986861893,0.17249397122611754,0.038930798017026855,0.12810263881085476
beta,quintile,4,0.3772177284493708,0.14790962959931175,0.20512726768139994,0.04870109487707763,0.19369691341209166
beta,quintile,4,0.5059974235160012,0.14747648649504985,0.19341699372068752,0.046338014869304556,0.1833222800557548
beta,quintile,4,0.6787416743568971,0.1625423856287242,0.1920875938104722,0.06334693659936246,0.17016881848724905
beta,quintile,4,0.9104596962324965,0.16158058981860032,0.20493845449321843,0.05832571223244565,0.21087338720190524
beta,quintile,4,1.2212847535097677,0.15984985633535403,0.20125968089949406,0.05691524623675363,0.1827432712439402
beta,quintile,4,1.638223476917678,0.16027123000135474,0.1971932174284256,0.0613060911586952,0.21792822929707173
beta,quintile,4,2.197502386410313,0.1633168695645537,0.19596208246625543,0.06497167648394965,0.17762538456945848
beta,quintile,4,2.947715501773197,0.15410803577407012,0.1930768579902184,0.062195718007763925,0.19114778469103488
beta,quintile,4,3.9540465271520318,0.15367541683570746,0.19542444454107946,0.047156630077562905,0.16100653360622835
beta,quintile,4,5.30393246209756,0.1787833593989244,0.21605800792400515,0.07468011269518046,0.23487776070181252
beta,quintile,4,7.114660732825161,0.15978799741824481,0.19337030660473087,0.060964279040710695,0.19550009506177796
beta,quintile,4,9.543559934997008,0.16271100302101849,0.21558780801381003,0.06459995593341276,0.24722641387742575
beta,quintile,4,12.80166963024157,0.15827109880924708,0.19717357612120423,0.05326729121872145,0.17796371997234292
beta,quintile,4,17.17207692287632,0.1669904289365005,0.21176149740922423,0.0699557729059917,0.2264517671381775
beta,quintile,4,23.034513025440212,0.16272036828296516,0.20001097338214663,0.06507720658087866,0.1992757175312005
beta,quintile,4,30.89834693276585,0.1590070198554493,0.20061435575926365,0.05694442841103961,0.20202766479950524
beta,quintile,4,41.446842923188484,0.17237556300632814,0.20894666672373313,0.07079057997500922,0.2108413418011162
beta,quintile,4,55.59652728469412,0.1564056565946873,0.19652642230279654,0.049825289632190836,0.18856672058270907
beta,quintile,4,74.57682245777069,0.15016971538758864,0.1980953140106263,0.052920688045984404,0.2024818768097988
beta,quintile,4,100.03686776006599,0.15310314509251355,0.19769642079093935,0.06441523440191871,0.18736152402736722
beta,quintile,4,134.18880801621225,0.15741481271469174,0.18592776071847622,0.0529967459889797,0.1477967150077065
beta,quintile,4,179.99999999999997,0.14525017710581606,0.1848867274446258,0.042679633744513404,0.14626311667441882
beta,quintile,5,0.02,0.15185347353815212,0.1918456498136739,0.06013591406414967,0.17664607269014476
beta,quintile,5,0.026827870768216803,0.15990276275059173,0.19259768264298294,0.06391642198312826,0.19273404109516817
beta,quintile,5,0.03598673249780708,0.1686353358628221,0.2176919927569706,0.07154965132493452,0.23946478594042178
beta,quintile,5,0.048272370441077836,0.1756953235862026,0.22578532121771946,0.06300934703621958,0.24103755947035926
beta,quintile,5,0.06475224579343625,0.15778802421721538,0.20395281093778928,0.05715416017656766,0.21142373005181828
beta,quintile,5,0.08685824410490588,0.17992973646825033,0.2200407330392379,0.08125246262853818,0.25061442749425
beta,quintile,5,0.11651108740003221,0.1776384432392134,0.204694125350799,0.07866736931079406,0.2065648198162514
beta,quintile,5,0.1562872197916239,0.15474469597485557,0.19424148413174414,0.06219451781502926,0.20949471259006724
beta,quintile,5,0.20964266676467905,0.15664187496233697,0.209432825504339,0.049074618348359605,0.18161666946135918
beta,quintile,5,0.28121331857335746,0.18215367447973857,0.2275828439774782,0.08511088479699264,0.30204180614046744
beta,quintile,5,0.3772177284493708,0.16037399759583848,0.2028266434935888,0.05963538403653615,0.2209608662585898
beta,quintile,5,0.5059974235160012,0.1575688041782907,0.20945379939553874,0.06471260469769749,0.2386973027158728
beta,quintile,5,0.6787416743568971,0.17898955444393472,0.2085659464299883,0.07205499421032917,0.2018218297202904
beta,quintile,5,0.9104596962324965,0.15619786660992235,0.19691066709137278,0.06007177967846512,0.1941833620117966
beta,quintile,5,1.2212847535097677,0.15019709564393122,0.18546776516975577,0.05186149283158965,0.187413932590122
beta,quintile,5,1.638223476917678,0.1627529326468538,0.21121758078250658,0.06591509174877505,0.24554306082732186
beta,quintile,5,2.197502386410313,0.1549834597907438,0.19862737449980133,0.06466011472135569,0.21562062072083793
beta,quintile,5,2.947715501773197,0.1742401187696221,0.21605318848122282,0.06654870132139944,0.23419896995911205
beta,quintile,5,3.9540465271520318,0.16446546657812372,0.21138601412404978,0.06433609879445806,0.22714333500414183
beta,quintile,5,5.30393246209756,0.1635467177675904,0.1997399165370793,0.062129789702139546,0.19641059322585774
beta,quintile,5,7.114660732825161,0.18013890924892795,0.22068459516218075,0.0766365931679729,0.242076812310596
beta,quintile,5,9.543559934997008,0.17125673404766206,0.21796277463860692,0.07573404612928653,0.2519238925478226
beta,quintile,5,12.80166963024157,0.15668448417309758,0.188935962658481,0.058527740127971586,0.19870692059409395
beta,quintile,5,17.17207692287632,0.15465051347668413,0.1883139130131134,0.0498624559705997,0.16192089751947963
beta,quintile,5,23.034513025440212,0.1849256423186134,0.23290444834089968,0.08831750600371466,0.2977968518874873
beta,quintile,5,30.89834693276585,0.1504642815927612,0.19830303041361333,0.05118710799324287,0.19854185716805073
beta,quintile,5,41.446842923188484,0.15851055587794907,0.18409755433010266,0.05988508572463508,0.17261876038494597
beta,quintile,5,55.59652728469412,0.1744591899243222,0.2085551936732985,0.07707268724896256,0.2267386054320954
beta,quintile,5,74.57682245777069,0.1482330289673377,0.18487456078828654,0.05435131574090013,0.17384105819169754
beta,quintile,5,100.03686776006599,0.15789982427193316,0.18829098910921982,0.05944953050746116,0.17713082689792997
beta,quintile,5,134.18880801621225,0.16894576272542694,0.20238655237126346,0.06299289732881064,0.2060621109399886
beta,quintile,5,179.99999999999997,0.1685017149305552,0.19992695558883272,0.06337665555687842,0.19874934498184937
